ISO-10303-21;
HEADER;
/* Generated by software containing ST-Developer
 * from STEP Tools, Inc. (www.steptools.com) 
 */
/* OPTION: using custom renumber hook */

FILE_DESCRIPTION(
/* description */ ('STEP AP242 Edition 2',
'CAx-IF Rec.Pracs.---Representation and Presentation of Product Manufa
cturing Information (PMI)---4.0---2014-10-13',
'CAx-IF Rec.Pracs.---3D Tessellated Geometry---0.4---2014-09-14','2;1',
'CAx-IF Rec.Pracs.---User Defined Attributes---1.5---2016-08-15'),
/* implementation_level */ '2;1');

FILE_NAME(
/* name */ 'Part Studio 1',
/* time_stamp */ '2026-10-08T15:34:58Z',
/* author */ (''),
/* organization */ (''),
/* preprocessor_version */ 'ST-DEVELOPER v20',
/* originating_system */ 'ONSHAPE BY PTC INC, 1.221',
/* authorisation */ '  ');

FILE_SCHEMA (('AP242_MANAGED_MODEL_BASED_3D_ENGINEERING_MIM_LF { 1 0 10303 442 3 1 4 }'));
ENDSEC;

DATA;
#10=SHAPE_REPRESENTATION_RELATIONSHIP('','',#1580,#14);
#11=SHAPE_REPRESENTATION_RELATIONSHIP('','',#1581,#15);
#12=SHAPE_REPRESENTATION_RELATIONSHIP('','',#1582,#16);
#13=SHAPE_REPRESENTATION_RELATIONSHIP('','',#1583,#17);
#14=ADVANCED_BREP_SHAPE_REPRESENTATION('',(#1572),#2550);
#15=ADVANCED_BREP_SHAPE_REPRESENTATION('',(#1573),#2551);
#16=ADVANCED_BREP_SHAPE_REPRESENTATION('',(#1574),#2552);
#17=ADVANCED_BREP_SHAPE_REPRESENTATION('',(#1575),#2553);
#18=CIRCLE('',#1590,0.00175);
#19=CIRCLE('',#1591,0.00175);
#20=CIRCLE('',#1593,0.00175);
#21=CIRCLE('',#1594,0.00175);
#22=CIRCLE('',#1596,0.00175);
#23=CIRCLE('',#1597,0.00175);
#24=CIRCLE('',#1599,0.00175);
#25=CIRCLE('',#1600,0.00175);
#26=CIRCLE('',#1604,0.00075);
#27=CIRCLE('',#1605,0.00075);
#28=CIRCLE('',#1611,0.00075);
#29=CIRCLE('',#1612,0.00075);
#30=CIRCLE('',#1626,0.000750000000000025);
#31=CIRCLE('',#1627,0.00075);
#32=CIRCLE('',#1628,0.00175);
#33=CIRCLE('',#1629,0.00175);
#34=CIRCLE('',#1630,0.00175);
#35=CIRCLE('',#1631,0.00175);
#36=CIRCLE('',#1633,0.0015);
#37=CIRCLE('',#1634,0.0015);
#38=CIRCLE('',#1635,0.002);
#39=CIRCLE('',#1636,0.002);
#40=CIRCLE('',#1637,0.002);
#41=CIRCLE('',#1638,0.002);
#42=CIRCLE('',#1656,0.002);
#43=CIRCLE('',#1658,0.00175);
#44=CIRCLE('',#1661,0.00175);
#45=CIRCLE('',#1663,0.002);
#46=CIRCLE('',#1666,0.00175);
#47=CIRCLE('',#1668,0.002);
#48=CIRCLE('',#1671,0.00175);
#49=CIRCLE('',#1673,0.002);
#50=CIRCLE('',#1681,0.000750000000000025);
#51=CIRCLE('',#1683,0.0015);
#52=CIRCLE('',#1686,0.00075);
#53=CIRCLE('',#1688,0.0015);
#54=CYLINDRICAL_SURFACE('',#1589,0.00175);
#55=CYLINDRICAL_SURFACE('',#1592,0.00175);
#56=CYLINDRICAL_SURFACE('',#1595,0.00175);
#57=CYLINDRICAL_SURFACE('',#1598,0.00175);
#58=CYLINDRICAL_SURFACE('',#1613,0.00075);
#59=CYLINDRICAL_SURFACE('',#1614,0.00075);
#60=CYLINDRICAL_SURFACE('',#1655,0.002);
#61=CYLINDRICAL_SURFACE('',#1657,0.00175);
#62=CYLINDRICAL_SURFACE('',#1660,0.00175);
#63=CYLINDRICAL_SURFACE('',#1662,0.002);
#64=CYLINDRICAL_SURFACE('',#1665,0.00175);
#65=CYLINDRICAL_SURFACE('',#1667,0.002);
#66=CYLINDRICAL_SURFACE('',#1670,0.00175);
#67=CYLINDRICAL_SURFACE('',#1672,0.002);
#68=CYLINDRICAL_SURFACE('',#1680,0.000750000000000025);
#69=CYLINDRICAL_SURFACE('',#1682,0.0015);
#70=CYLINDRICAL_SURFACE('',#1685,0.00075);
#71=CYLINDRICAL_SURFACE('',#1687,0.0015);
#72=ORIENTED_EDGE('',*,*,#452,.F.);
#73=ORIENTED_EDGE('',*,*,#453,.F.);
#74=ORIENTED_EDGE('',*,*,#454,.T.);
#75=ORIENTED_EDGE('',*,*,#455,.T.);
#76=ORIENTED_EDGE('',*,*,#456,.F.);
#77=ORIENTED_EDGE('',*,*,#457,.T.);
#78=ORIENTED_EDGE('',*,*,#458,.T.);
#79=ORIENTED_EDGE('',*,*,#459,.F.);
#80=ORIENTED_EDGE('',*,*,#460,.T.);
#81=ORIENTED_EDGE('',*,*,#461,.F.);
#82=ORIENTED_EDGE('',*,*,#462,.F.);
#83=ORIENTED_EDGE('',*,*,#459,.T.);
#84=ORIENTED_EDGE('',*,*,#463,.T.);
#85=ORIENTED_EDGE('',*,*,#464,.F.);
#86=ORIENTED_EDGE('',*,*,#465,.F.);
#87=ORIENTED_EDGE('',*,*,#461,.T.);
#88=ORIENTED_EDGE('',*,*,#466,.T.);
#89=ORIENTED_EDGE('',*,*,#467,.F.);
#90=ORIENTED_EDGE('',*,*,#468,.T.);
#91=ORIENTED_EDGE('',*,*,#469,.F.);
#92=ORIENTED_EDGE('',*,*,#470,.T.);
#93=ORIENTED_EDGE('',*,*,#471,.F.);
#94=ORIENTED_EDGE('',*,*,#472,.T.);
#95=ORIENTED_EDGE('',*,*,#473,.F.);
#96=ORIENTED_EDGE('',*,*,#474,.T.);
#97=ORIENTED_EDGE('',*,*,#454,.F.);
#98=ORIENTED_EDGE('',*,*,#475,.F.);
#99=ORIENTED_EDGE('',*,*,#464,.T.);
#100=ORIENTED_EDGE('',*,*,#472,.F.);
#101=ORIENTED_EDGE('',*,*,#470,.F.);
#102=ORIENTED_EDGE('',*,*,#468,.F.);
#103=ORIENTED_EDGE('',*,*,#466,.F.);
#104=ORIENTED_EDGE('',*,*,#453,.T.);
#105=ORIENTED_EDGE('',*,*,#476,.T.);
#106=ORIENTED_EDGE('',*,*,#456,.T.);
#107=ORIENTED_EDGE('',*,*,#462,.T.);
#108=ORIENTED_EDGE('',*,*,#465,.T.);
#109=ORIENTED_EDGE('',*,*,#475,.T.);
#110=ORIENTED_EDGE('',*,*,#477,.T.);
#111=ORIENTED_EDGE('',*,*,#478,.T.);
#112=ORIENTED_EDGE('',*,*,#473,.T.);
#113=ORIENTED_EDGE('',*,*,#471,.T.);
#114=ORIENTED_EDGE('',*,*,#469,.T.);
#115=ORIENTED_EDGE('',*,*,#467,.T.);
#116=ORIENTED_EDGE('',*,*,#455,.F.);
#117=ORIENTED_EDGE('',*,*,#474,.F.);
#118=ORIENTED_EDGE('',*,*,#463,.F.);
#119=ORIENTED_EDGE('',*,*,#460,.F.);
#120=ORIENTED_EDGE('',*,*,#458,.F.);
#121=ORIENTED_EDGE('',*,*,#479,.T.);
#122=ORIENTED_EDGE('',*,*,#480,.T.);
#123=ORIENTED_EDGE('',*,*,#481,.T.);
#124=ORIENTED_EDGE('',*,*,#476,.F.);
#125=ORIENTED_EDGE('',*,*,#482,.F.);
#126=ORIENTED_EDGE('',*,*,#483,.T.);
#127=ORIENTED_EDGE('',*,*,#484,.T.);
#128=ORIENTED_EDGE('',*,*,#481,.F.);
#129=ORIENTED_EDGE('',*,*,#485,.F.);
#130=ORIENTED_EDGE('',*,*,#486,.T.);
#131=ORIENTED_EDGE('',*,*,#482,.T.);
#132=ORIENTED_EDGE('',*,*,#452,.T.);
#133=ORIENTED_EDGE('',*,*,#480,.F.);
#134=ORIENTED_EDGE('',*,*,#487,.F.);
#135=ORIENTED_EDGE('',*,*,#488,.T.);
#136=ORIENTED_EDGE('',*,*,#485,.T.);
#137=ORIENTED_EDGE('',*,*,#479,.F.);
#138=ORIENTED_EDGE('',*,*,#457,.F.);
#139=ORIENTED_EDGE('',*,*,#484,.F.);
#140=ORIENTED_EDGE('',*,*,#489,.T.);
#141=ORIENTED_EDGE('',*,*,#487,.T.);
#142=ORIENTED_EDGE('',*,*,#490,.F.);
#143=ORIENTED_EDGE('',*,*,#491,.F.);
#144=ORIENTED_EDGE('',*,*,#483,.F.);
#145=ORIENTED_EDGE('',*,*,#486,.F.);
#146=ORIENTED_EDGE('',*,*,#488,.F.);
#147=ORIENTED_EDGE('',*,*,#489,.F.);
#148=ORIENTED_EDGE('',*,*,#491,.T.);
#149=ORIENTED_EDGE('',*,*,#478,.F.);
#150=ORIENTED_EDGE('',*,*,#490,.T.);
#151=ORIENTED_EDGE('',*,*,#477,.F.);
#152=ORIENTED_EDGE('',*,*,#492,.F.);
#153=ORIENTED_EDGE('',*,*,#493,.T.);
#154=ORIENTED_EDGE('',*,*,#494,.T.);
#155=ORIENTED_EDGE('',*,*,#495,.F.);
#156=ORIENTED_EDGE('',*,*,#496,.F.);
#157=ORIENTED_EDGE('',*,*,#495,.T.);
#158=ORIENTED_EDGE('',*,*,#497,.T.);
#159=ORIENTED_EDGE('',*,*,#498,.F.);
#160=ORIENTED_EDGE('',*,*,#499,.F.);
#161=ORIENTED_EDGE('',*,*,#498,.T.);
#162=ORIENTED_EDGE('',*,*,#500,.T.);
#163=ORIENTED_EDGE('',*,*,#501,.F.);
#164=ORIENTED_EDGE('',*,*,#502,.F.);
#165=ORIENTED_EDGE('',*,*,#501,.T.);
#166=ORIENTED_EDGE('',*,*,#503,.T.);
#167=ORIENTED_EDGE('',*,*,#493,.F.);
#168=ORIENTED_EDGE('',*,*,#504,.T.);
#169=ORIENTED_EDGE('',*,*,#505,.F.);
#170=ORIENTED_EDGE('',*,*,#506,.F.);
#171=ORIENTED_EDGE('',*,*,#507,.T.);
#172=ORIENTED_EDGE('',*,*,#508,.F.);
#173=ORIENTED_EDGE('',*,*,#509,.T.);
#174=ORIENTED_EDGE('',*,*,#510,.F.);
#175=ORIENTED_EDGE('',*,*,#511,.T.);
#176=ORIENTED_EDGE('',*,*,#512,.T.);
#177=ORIENTED_EDGE('',*,*,#513,.F.);
#178=ORIENTED_EDGE('',*,*,#504,.F.);
#179=ORIENTED_EDGE('',*,*,#514,.T.);
#180=ORIENTED_EDGE('',*,*,#515,.F.);
#181=ORIENTED_EDGE('',*,*,#516,.F.);
#182=ORIENTED_EDGE('',*,*,#505,.T.);
#183=ORIENTED_EDGE('',*,*,#513,.T.);
#184=ORIENTED_EDGE('',*,*,#517,.F.);
#185=ORIENTED_EDGE('',*,*,#518,.F.);
#186=ORIENTED_EDGE('',*,*,#506,.T.);
#187=ORIENTED_EDGE('',*,*,#516,.T.);
#188=ORIENTED_EDGE('',*,*,#519,.T.);
#189=ORIENTED_EDGE('',*,*,#514,.F.);
#190=ORIENTED_EDGE('',*,*,#507,.F.);
#191=ORIENTED_EDGE('',*,*,#518,.T.);
#192=ORIENTED_EDGE('',*,*,#520,.F.);
#193=ORIENTED_EDGE('',*,*,#521,.F.);
#194=ORIENTED_EDGE('',*,*,#522,.F.);
#195=ORIENTED_EDGE('',*,*,#523,.F.);
#196=ORIENTED_EDGE('',*,*,#524,.F.);
#197=ORIENTED_EDGE('',*,*,#525,.F.);
#198=ORIENTED_EDGE('',*,*,#512,.F.);
#199=ORIENTED_EDGE('',*,*,#519,.F.);
#200=ORIENTED_EDGE('',*,*,#517,.T.);
#201=ORIENTED_EDGE('',*,*,#515,.T.);
#202=ORIENTED_EDGE('',*,*,#526,.F.);
#203=ORIENTED_EDGE('',*,*,#527,.F.);
#204=ORIENTED_EDGE('',*,*,#528,.F.);
#205=ORIENTED_EDGE('',*,*,#529,.F.);
#206=ORIENTED_EDGE('',*,*,#530,.F.);
#207=ORIENTED_EDGE('',*,*,#531,.F.);
#208=ORIENTED_EDGE('',*,*,#532,.T.);
#209=ORIENTED_EDGE('',*,*,#533,.T.);
#210=ORIENTED_EDGE('',*,*,#534,.T.);
#211=ORIENTED_EDGE('',*,*,#535,.T.);
#212=ORIENTED_EDGE('',*,*,#536,.T.);
#213=ORIENTED_EDGE('',*,*,#537,.T.);
#214=ORIENTED_EDGE('',*,*,#538,.F.);
#215=ORIENTED_EDGE('',*,*,#539,.F.);
#216=ORIENTED_EDGE('',*,*,#540,.T.);
#217=ORIENTED_EDGE('',*,*,#541,.T.);
#218=ORIENTED_EDGE('',*,*,#542,.F.);
#219=ORIENTED_EDGE('',*,*,#543,.F.);
#220=ORIENTED_EDGE('',*,*,#544,.F.);
#221=ORIENTED_EDGE('',*,*,#545,.F.);
#222=ORIENTED_EDGE('',*,*,#497,.F.);
#223=ORIENTED_EDGE('',*,*,#494,.F.);
#224=ORIENTED_EDGE('',*,*,#503,.F.);
#225=ORIENTED_EDGE('',*,*,#500,.F.);
#226=ORIENTED_EDGE('',*,*,#540,.F.);
#227=ORIENTED_EDGE('',*,*,#546,.F.);
#228=ORIENTED_EDGE('',*,*,#547,.T.);
#229=ORIENTED_EDGE('',*,*,#548,.T.);
#230=ORIENTED_EDGE('',*,*,#545,.T.);
#231=ORIENTED_EDGE('',*,*,#549,.F.);
#232=ORIENTED_EDGE('',*,*,#550,.F.);
#233=ORIENTED_EDGE('',*,*,#546,.T.);
#234=ORIENTED_EDGE('',*,*,#544,.T.);
#235=ORIENTED_EDGE('',*,*,#551,.F.);
#236=ORIENTED_EDGE('',*,*,#552,.F.);
#237=ORIENTED_EDGE('',*,*,#549,.T.);
#238=ORIENTED_EDGE('',*,*,#543,.T.);
#239=ORIENTED_EDGE('',*,*,#553,.F.);
#240=ORIENTED_EDGE('',*,*,#554,.F.);
#241=ORIENTED_EDGE('',*,*,#551,.T.);
#242=ORIENTED_EDGE('',*,*,#542,.T.);
#243=ORIENTED_EDGE('',*,*,#555,.F.);
#244=ORIENTED_EDGE('',*,*,#556,.F.);
#245=ORIENTED_EDGE('',*,*,#553,.T.);
#246=ORIENTED_EDGE('',*,*,#541,.F.);
#247=ORIENTED_EDGE('',*,*,#548,.F.);
#248=ORIENTED_EDGE('',*,*,#557,.T.);
#249=ORIENTED_EDGE('',*,*,#555,.T.);
#250=ORIENTED_EDGE('',*,*,#547,.F.);
#251=ORIENTED_EDGE('',*,*,#550,.T.);
#252=ORIENTED_EDGE('',*,*,#552,.T.);
#253=ORIENTED_EDGE('',*,*,#554,.T.);
#254=ORIENTED_EDGE('',*,*,#556,.T.);
#255=ORIENTED_EDGE('',*,*,#557,.F.);
#256=ORIENTED_EDGE('',*,*,#532,.F.);
#257=ORIENTED_EDGE('',*,*,#558,.F.);
#258=ORIENTED_EDGE('',*,*,#559,.T.);
#259=ORIENTED_EDGE('',*,*,#560,.T.);
#260=ORIENTED_EDGE('',*,*,#539,.T.);
#261=ORIENTED_EDGE('',*,*,#561,.F.);
#262=ORIENTED_EDGE('',*,*,#562,.F.);
#263=ORIENTED_EDGE('',*,*,#558,.T.);
#264=ORIENTED_EDGE('',*,*,#538,.T.);
#265=ORIENTED_EDGE('',*,*,#563,.F.);
#266=ORIENTED_EDGE('',*,*,#564,.F.);
#267=ORIENTED_EDGE('',*,*,#561,.T.);
#268=ORIENTED_EDGE('',*,*,#537,.F.);
#269=ORIENTED_EDGE('',*,*,#565,.F.);
#270=ORIENTED_EDGE('',*,*,#566,.T.);
#271=ORIENTED_EDGE('',*,*,#563,.T.);
#272=ORIENTED_EDGE('',*,*,#536,.F.);
#273=ORIENTED_EDGE('',*,*,#567,.F.);
#274=ORIENTED_EDGE('',*,*,#568,.T.);
#275=ORIENTED_EDGE('',*,*,#565,.T.);
#276=ORIENTED_EDGE('',*,*,#535,.F.);
#277=ORIENTED_EDGE('',*,*,#569,.F.);
#278=ORIENTED_EDGE('',*,*,#570,.T.);
#279=ORIENTED_EDGE('',*,*,#567,.T.);
#280=ORIENTED_EDGE('',*,*,#534,.F.);
#281=ORIENTED_EDGE('',*,*,#571,.F.);
#282=ORIENTED_EDGE('',*,*,#572,.T.);
#283=ORIENTED_EDGE('',*,*,#569,.T.);
#284=ORIENTED_EDGE('',*,*,#533,.F.);
#285=ORIENTED_EDGE('',*,*,#560,.F.);
#286=ORIENTED_EDGE('',*,*,#573,.T.);
#287=ORIENTED_EDGE('',*,*,#571,.T.);
#288=ORIENTED_EDGE('',*,*,#559,.F.);
#289=ORIENTED_EDGE('',*,*,#562,.T.);
#290=ORIENTED_EDGE('',*,*,#564,.T.);
#291=ORIENTED_EDGE('',*,*,#566,.F.);
#292=ORIENTED_EDGE('',*,*,#568,.F.);
#293=ORIENTED_EDGE('',*,*,#570,.F.);
#294=ORIENTED_EDGE('',*,*,#572,.F.);
#295=ORIENTED_EDGE('',*,*,#573,.F.);
#296=ORIENTED_EDGE('',*,*,#574,.F.);
#297=ORIENTED_EDGE('',*,*,#531,.T.);
#298=ORIENTED_EDGE('',*,*,#575,.T.);
#299=ORIENTED_EDGE('',*,*,#525,.T.);
#300=ORIENTED_EDGE('',*,*,#574,.T.);
#301=ORIENTED_EDGE('',*,*,#575,.F.);
#302=ORIENTED_EDGE('',*,*,#576,.T.);
#303=ORIENTED_EDGE('',*,*,#523,.T.);
#304=ORIENTED_EDGE('',*,*,#577,.F.);
#305=ORIENTED_EDGE('',*,*,#530,.T.);
#306=ORIENTED_EDGE('',*,*,#576,.F.);
#307=ORIENTED_EDGE('',*,*,#577,.T.);
#308=ORIENTED_EDGE('',*,*,#578,.T.);
#309=ORIENTED_EDGE('',*,*,#522,.T.);
#310=ORIENTED_EDGE('',*,*,#579,.F.);
#311=ORIENTED_EDGE('',*,*,#529,.T.);
#312=ORIENTED_EDGE('',*,*,#578,.F.);
#313=ORIENTED_EDGE('',*,*,#579,.T.);
#314=ORIENTED_EDGE('',*,*,#580,.T.);
#315=ORIENTED_EDGE('',*,*,#524,.T.);
#316=ORIENTED_EDGE('',*,*,#581,.F.);
#317=ORIENTED_EDGE('',*,*,#528,.T.);
#318=ORIENTED_EDGE('',*,*,#580,.F.);
#319=ORIENTED_EDGE('',*,*,#581,.T.);
#320=ORIENTED_EDGE('',*,*,#509,.F.);
#321=ORIENTED_EDGE('',*,*,#582,.F.);
#322=ORIENTED_EDGE('',*,*,#583,.T.);
#323=ORIENTED_EDGE('',*,*,#584,.T.);
#324=ORIENTED_EDGE('',*,*,#508,.T.);
#325=ORIENTED_EDGE('',*,*,#585,.F.);
#326=ORIENTED_EDGE('',*,*,#586,.F.);
#327=ORIENTED_EDGE('',*,*,#582,.T.);
#328=ORIENTED_EDGE('',*,*,#511,.F.);
#329=ORIENTED_EDGE('',*,*,#587,.F.);
#330=ORIENTED_EDGE('',*,*,#588,.T.);
#331=ORIENTED_EDGE('',*,*,#585,.T.);
#332=ORIENTED_EDGE('',*,*,#510,.T.);
#333=ORIENTED_EDGE('',*,*,#584,.F.);
#334=ORIENTED_EDGE('',*,*,#589,.F.);
#335=ORIENTED_EDGE('',*,*,#587,.T.);
#336=ORIENTED_EDGE('',*,*,#502,.T.);
#337=ORIENTED_EDGE('',*,*,#492,.T.);
#338=ORIENTED_EDGE('',*,*,#496,.T.);
#339=ORIENTED_EDGE('',*,*,#499,.T.);
#340=ORIENTED_EDGE('',*,*,#583,.F.);
#341=ORIENTED_EDGE('',*,*,#586,.T.);
#342=ORIENTED_EDGE('',*,*,#588,.F.);
#343=ORIENTED_EDGE('',*,*,#589,.T.);
#344=ORIENTED_EDGE('',*,*,#590,.T.);
#345=ORIENTED_EDGE('',*,*,#520,.T.);
#346=ORIENTED_EDGE('',*,*,#591,.F.);
#347=ORIENTED_EDGE('',*,*,#527,.T.);
#348=ORIENTED_EDGE('',*,*,#590,.F.);
#349=ORIENTED_EDGE('',*,*,#591,.T.);
#350=ORIENTED_EDGE('',*,*,#592,.T.);
#351=ORIENTED_EDGE('',*,*,#521,.T.);
#352=ORIENTED_EDGE('',*,*,#593,.F.);
#353=ORIENTED_EDGE('',*,*,#526,.T.);
#354=ORIENTED_EDGE('',*,*,#592,.F.);
#355=ORIENTED_EDGE('',*,*,#593,.T.);
#356=ORIENTED_EDGE('',*,*,#594,.F.);
#357=ORIENTED_EDGE('',*,*,#595,.F.);
#358=ORIENTED_EDGE('',*,*,#596,.T.);
#359=ORIENTED_EDGE('',*,*,#597,.T.);
#360=ORIENTED_EDGE('',*,*,#598,.F.);
#361=ORIENTED_EDGE('',*,*,#599,.F.);
#362=ORIENTED_EDGE('',*,*,#600,.T.);
#363=ORIENTED_EDGE('',*,*,#595,.T.);
#364=ORIENTED_EDGE('',*,*,#601,.F.);
#365=ORIENTED_EDGE('',*,*,#602,.F.);
#366=ORIENTED_EDGE('',*,*,#603,.T.);
#367=ORIENTED_EDGE('',*,*,#599,.T.);
#368=ORIENTED_EDGE('',*,*,#604,.T.);
#369=ORIENTED_EDGE('',*,*,#597,.F.);
#370=ORIENTED_EDGE('',*,*,#605,.F.);
#371=ORIENTED_EDGE('',*,*,#602,.T.);
#372=ORIENTED_EDGE('',*,*,#606,.T.);
#373=ORIENTED_EDGE('',*,*,#607,.F.);
#374=ORIENTED_EDGE('',*,*,#608,.F.);
#375=ORIENTED_EDGE('',*,*,#609,.T.);
#376=ORIENTED_EDGE('',*,*,#596,.F.);
#377=ORIENTED_EDGE('',*,*,#600,.F.);
#378=ORIENTED_EDGE('',*,*,#603,.F.);
#379=ORIENTED_EDGE('',*,*,#605,.T.);
#380=ORIENTED_EDGE('',*,*,#594,.T.);
#381=ORIENTED_EDGE('',*,*,#604,.F.);
#382=ORIENTED_EDGE('',*,*,#601,.T.);
#383=ORIENTED_EDGE('',*,*,#598,.T.);
#384=ORIENTED_EDGE('',*,*,#610,.T.);
#385=ORIENTED_EDGE('',*,*,#611,.T.);
#386=ORIENTED_EDGE('',*,*,#612,.F.);
#387=ORIENTED_EDGE('',*,*,#613,.F.);
#388=ORIENTED_EDGE('',*,*,#614,.T.);
#389=ORIENTED_EDGE('',*,*,#606,.F.);
#390=ORIENTED_EDGE('',*,*,#615,.F.);
#391=ORIENTED_EDGE('',*,*,#616,.T.);
#392=ORIENTED_EDGE('',*,*,#615,.T.);
#393=ORIENTED_EDGE('',*,*,#609,.F.);
#394=ORIENTED_EDGE('',*,*,#617,.F.);
#395=ORIENTED_EDGE('',*,*,#618,.T.);
#396=ORIENTED_EDGE('',*,*,#608,.T.);
#397=ORIENTED_EDGE('',*,*,#619,.F.);
#398=ORIENTED_EDGE('',*,*,#620,.F.);
#399=ORIENTED_EDGE('',*,*,#617,.T.);
#400=ORIENTED_EDGE('',*,*,#610,.F.);
#401=ORIENTED_EDGE('',*,*,#621,.F.);
#402=ORIENTED_EDGE('',*,*,#622,.T.);
#403=ORIENTED_EDGE('',*,*,#623,.T.);
#404=ORIENTED_EDGE('',*,*,#613,.T.);
#405=ORIENTED_EDGE('',*,*,#624,.F.);
#406=ORIENTED_EDGE('',*,*,#625,.F.);
#407=ORIENTED_EDGE('',*,*,#621,.T.);
#408=ORIENTED_EDGE('',*,*,#612,.T.);
#409=ORIENTED_EDGE('',*,*,#626,.F.);
#410=ORIENTED_EDGE('',*,*,#627,.F.);
#411=ORIENTED_EDGE('',*,*,#624,.T.);
#412=ORIENTED_EDGE('',*,*,#611,.F.);
#413=ORIENTED_EDGE('',*,*,#623,.F.);
#414=ORIENTED_EDGE('',*,*,#628,.T.);
#415=ORIENTED_EDGE('',*,*,#626,.T.);
#416=ORIENTED_EDGE('',*,*,#607,.T.);
#417=ORIENTED_EDGE('',*,*,#614,.F.);
#418=ORIENTED_EDGE('',*,*,#629,.F.);
#419=ORIENTED_EDGE('',*,*,#619,.T.);
#420=ORIENTED_EDGE('',*,*,#622,.F.);
#421=ORIENTED_EDGE('',*,*,#625,.T.);
#422=ORIENTED_EDGE('',*,*,#627,.T.);
#423=ORIENTED_EDGE('',*,*,#628,.F.);
#424=ORIENTED_EDGE('',*,*,#616,.F.);
#425=ORIENTED_EDGE('',*,*,#618,.F.);
#426=ORIENTED_EDGE('',*,*,#620,.T.);
#427=ORIENTED_EDGE('',*,*,#629,.T.);
#428=ORIENTED_EDGE('',*,*,#630,.F.);
#429=ORIENTED_EDGE('',*,*,#631,.F.);
#430=ORIENTED_EDGE('',*,*,#632,.T.);
#431=ORIENTED_EDGE('',*,*,#633,.T.);
#432=ORIENTED_EDGE('',*,*,#634,.T.);
#433=ORIENTED_EDGE('',*,*,#635,.F.);
#434=ORIENTED_EDGE('',*,*,#636,.F.);
#435=ORIENTED_EDGE('',*,*,#631,.T.);
#436=ORIENTED_EDGE('',*,*,#637,.T.);
#437=ORIENTED_EDGE('',*,*,#638,.F.);
#438=ORIENTED_EDGE('',*,*,#639,.F.);
#439=ORIENTED_EDGE('',*,*,#635,.T.);
#440=ORIENTED_EDGE('',*,*,#640,.F.);
#441=ORIENTED_EDGE('',*,*,#633,.F.);
#442=ORIENTED_EDGE('',*,*,#641,.T.);
#443=ORIENTED_EDGE('',*,*,#638,.T.);
#444=ORIENTED_EDGE('',*,*,#632,.F.);
#445=ORIENTED_EDGE('',*,*,#636,.T.);
#446=ORIENTED_EDGE('',*,*,#639,.T.);
#447=ORIENTED_EDGE('',*,*,#641,.F.);
#448=ORIENTED_EDGE('',*,*,#630,.T.);
#449=ORIENTED_EDGE('',*,*,#640,.T.);
#450=ORIENTED_EDGE('',*,*,#637,.F.);
#451=ORIENTED_EDGE('',*,*,#634,.F.);
#452=EDGE_CURVE('',#642,#643,#780,.T.);
#453=EDGE_CURVE('',#644,#642,#781,.T.);
#454=EDGE_CURVE('',#644,#645,#782,.T.);
#455=EDGE_CURVE('',#645,#643,#783,.T.);
#456=EDGE_CURVE('',#646,#647,#784,.T.);
#457=EDGE_CURVE('',#646,#648,#785,.T.);
#458=EDGE_CURVE('',#648,#649,#786,.T.);
#459=EDGE_CURVE('',#647,#649,#787,.T.);
#460=EDGE_CURVE('',#649,#650,#788,.T.);
#461=EDGE_CURVE('',#651,#650,#789,.T.);
#462=EDGE_CURVE('',#647,#651,#790,.T.);
#463=EDGE_CURVE('',#650,#652,#791,.T.);
#464=EDGE_CURVE('',#653,#652,#792,.T.);
#465=EDGE_CURVE('',#651,#653,#793,.T.);
#466=EDGE_CURVE('',#654,#654,#18,.T.);
#467=EDGE_CURVE('',#655,#655,#19,.T.);
#468=EDGE_CURVE('',#656,#656,#20,.T.);
#469=EDGE_CURVE('',#657,#657,#21,.T.);
#470=EDGE_CURVE('',#658,#658,#22,.T.);
#471=EDGE_CURVE('',#659,#659,#23,.T.);
#472=EDGE_CURVE('',#660,#660,#24,.T.);
#473=EDGE_CURVE('',#661,#661,#25,.T.);
#474=EDGE_CURVE('',#652,#645,#794,.T.);
#475=EDGE_CURVE('',#653,#644,#795,.T.);
#476=EDGE_CURVE('',#642,#646,#796,.T.);
#477=EDGE_CURVE('',#662,#662,#26,.T.);
#478=EDGE_CURVE('',#663,#663,#27,.T.);
#479=EDGE_CURVE('',#648,#664,#797,.T.);
#480=EDGE_CURVE('',#664,#665,#798,.T.);
#481=EDGE_CURVE('',#665,#643,#799,.T.);
#482=EDGE_CURVE('',#666,#642,#800,.T.);
#483=EDGE_CURVE('',#666,#667,#801,.T.);
#484=EDGE_CURVE('',#667,#646,#802,.T.);
#485=EDGE_CURVE('',#668,#665,#803,.T.);
#486=EDGE_CURVE('',#668,#666,#804,.T.);
#487=EDGE_CURVE('',#669,#664,#805,.T.);
#488=EDGE_CURVE('',#669,#668,#806,.T.);
#489=EDGE_CURVE('',#667,#669,#807,.T.);
#490=EDGE_CURVE('',#670,#670,#28,.T.);
#491=EDGE_CURVE('',#671,#671,#29,.T.);
#492=EDGE_CURVE('',#672,#673,#808,.T.);
#493=EDGE_CURVE('',#672,#674,#809,.T.);
#494=EDGE_CURVE('',#674,#675,#810,.T.);
#495=EDGE_CURVE('',#673,#675,#811,.T.);
#496=EDGE_CURVE('',#673,#676,#812,.T.);
#497=EDGE_CURVE('',#675,#677,#813,.T.);
#498=EDGE_CURVE('',#676,#677,#814,.T.);
#499=EDGE_CURVE('',#676,#678,#815,.T.);
#500=EDGE_CURVE('',#677,#679,#816,.T.);
#501=EDGE_CURVE('',#678,#679,#817,.T.);
#502=EDGE_CURVE('',#678,#672,#818,.T.);
#503=EDGE_CURVE('',#679,#674,#819,.T.);
#504=EDGE_CURVE('',#680,#681,#820,.T.);
#505=EDGE_CURVE('',#682,#681,#821,.T.);
#506=EDGE_CURVE('',#683,#682,#822,.T.);
#507=EDGE_CURVE('',#683,#680,#823,.T.);
#508=EDGE_CURVE('',#684,#685,#824,.T.);
#509=EDGE_CURVE('',#684,#686,#825,.T.);
#510=EDGE_CURVE('',#687,#686,#826,.T.);
#511=EDGE_CURVE('',#687,#685,#827,.T.);
#512=EDGE_CURVE('',#688,#689,#828,.T.);
#513=EDGE_CURVE('',#681,#689,#829,.T.);
#514=EDGE_CURVE('',#680,#688,#830,.T.);
#515=EDGE_CURVE('',#690,#689,#831,.T.);
#516=EDGE_CURVE('',#682,#690,#832,.T.);
#517=EDGE_CURVE('',#691,#690,#833,.T.);
#518=EDGE_CURVE('',#683,#691,#834,.T.);
#519=EDGE_CURVE('',#691,#688,#835,.T.);
#520=EDGE_CURVE('',#692,#692,#30,.F.);
#521=EDGE_CURVE('',#693,#693,#31,.F.);
#522=EDGE_CURVE('',#694,#694,#32,.F.);
#523=EDGE_CURVE('',#695,#695,#33,.F.);
#524=EDGE_CURVE('',#696,#696,#34,.F.);
#525=EDGE_CURVE('',#697,#697,#35,.F.);
#526=EDGE_CURVE('',#698,#698,#36,.T.);
#527=EDGE_CURVE('',#699,#699,#37,.T.);
#528=EDGE_CURVE('',#700,#700,#38,.T.);
#529=EDGE_CURVE('',#701,#701,#39,.T.);
#530=EDGE_CURVE('',#702,#702,#40,.T.);
#531=EDGE_CURVE('',#703,#703,#41,.T.);
#532=EDGE_CURVE('',#704,#705,#836,.T.);
#533=EDGE_CURVE('',#705,#706,#837,.T.);
#534=EDGE_CURVE('',#706,#707,#838,.T.);
#535=EDGE_CURVE('',#707,#708,#839,.T.);
#536=EDGE_CURVE('',#708,#709,#840,.T.);
#537=EDGE_CURVE('',#709,#710,#841,.T.);
#538=EDGE_CURVE('',#711,#710,#842,.T.);
#539=EDGE_CURVE('',#704,#711,#843,.T.);
#540=EDGE_CURVE('',#712,#713,#844,.T.);
#541=EDGE_CURVE('',#713,#714,#845,.T.);
#542=EDGE_CURVE('',#715,#714,#846,.T.);
#543=EDGE_CURVE('',#716,#715,#847,.T.);
#544=EDGE_CURVE('',#717,#716,#848,.T.);
#545=EDGE_CURVE('',#712,#717,#849,.T.);
#546=EDGE_CURVE('',#718,#712,#850,.T.);
#547=EDGE_CURVE('',#718,#719,#851,.T.);
#548=EDGE_CURVE('',#719,#713,#852,.T.);
#549=EDGE_CURVE('',#720,#717,#853,.T.);
#550=EDGE_CURVE('',#718,#720,#854,.T.);
#551=EDGE_CURVE('',#721,#716,#855,.T.);
#552=EDGE_CURVE('',#720,#721,#856,.T.);
#553=EDGE_CURVE('',#722,#715,#857,.T.);
#554=EDGE_CURVE('',#721,#722,#858,.T.);
#555=EDGE_CURVE('',#723,#714,#859,.T.);
#556=EDGE_CURVE('',#722,#723,#860,.T.);
#557=EDGE_CURVE('',#719,#723,#861,.T.);
#558=EDGE_CURVE('',#724,#704,#862,.T.);
#559=EDGE_CURVE('',#724,#725,#863,.T.);
#560=EDGE_CURVE('',#725,#705,#864,.T.);
#561=EDGE_CURVE('',#726,#711,#865,.T.);
#562=EDGE_CURVE('',#724,#726,#866,.T.);
#563=EDGE_CURVE('',#727,#710,#867,.T.);
#564=EDGE_CURVE('',#726,#727,#868,.T.);
#565=EDGE_CURVE('',#728,#709,#869,.T.);
#566=EDGE_CURVE('',#728,#727,#870,.T.);
#567=EDGE_CURVE('',#729,#708,#871,.T.);
#568=EDGE_CURVE('',#729,#728,#872,.T.);
#569=EDGE_CURVE('',#730,#707,#873,.T.);
#570=EDGE_CURVE('',#730,#729,#874,.T.);
#571=EDGE_CURVE('',#731,#706,#875,.T.);
#572=EDGE_CURVE('',#731,#730,#876,.T.);
#573=EDGE_CURVE('',#725,#731,#877,.T.);
#574=EDGE_CURVE('',#732,#732,#42,.T.);
#575=EDGE_CURVE('',#733,#733,#43,.T.);
#576=EDGE_CURVE('',#734,#734,#44,.T.);
#577=EDGE_CURVE('',#735,#735,#45,.T.);
#578=EDGE_CURVE('',#736,#736,#46,.T.);
#579=EDGE_CURVE('',#737,#737,#47,.T.);
#580=EDGE_CURVE('',#738,#738,#48,.T.);
#581=EDGE_CURVE('',#739,#739,#49,.T.);
#582=EDGE_CURVE('',#740,#684,#878,.T.);
#583=EDGE_CURVE('',#740,#741,#879,.T.);
#584=EDGE_CURVE('',#741,#686,#880,.T.);
#585=EDGE_CURVE('',#742,#685,#881,.T.);
#586=EDGE_CURVE('',#740,#742,#882,.T.);
#587=EDGE_CURVE('',#743,#687,#883,.T.);
#588=EDGE_CURVE('',#743,#742,#884,.T.);
#589=EDGE_CURVE('',#743,#741,#885,.T.);
#590=EDGE_CURVE('',#744,#744,#50,.T.);
#591=EDGE_CURVE('',#745,#745,#51,.T.);
#592=EDGE_CURVE('',#746,#746,#52,.T.);
#593=EDGE_CURVE('',#747,#747,#53,.T.);
#594=EDGE_CURVE('',#748,#749,#886,.T.);
#595=EDGE_CURVE('',#750,#748,#887,.T.);
#596=EDGE_CURVE('',#750,#751,#888,.T.);
#597=EDGE_CURVE('',#751,#749,#889,.T.);
#598=EDGE_CURVE('',#752,#748,#890,.T.);
#599=EDGE_CURVE('',#753,#752,#891,.T.);
#600=EDGE_CURVE('',#753,#750,#892,.T.);
#601=EDGE_CURVE('',#754,#752,#893,.T.);
#602=EDGE_CURVE('',#755,#754,#894,.T.);
#603=EDGE_CURVE('',#755,#753,#895,.T.);
#604=EDGE_CURVE('',#754,#749,#896,.T.);
#605=EDGE_CURVE('',#755,#751,#897,.T.);
#606=EDGE_CURVE('',#756,#757,#898,.T.);
#607=EDGE_CURVE('',#758,#757,#899,.T.);
#608=EDGE_CURVE('',#759,#758,#900,.T.);
#609=EDGE_CURVE('',#759,#756,#901,.T.);
#610=EDGE_CURVE('',#760,#761,#902,.T.);
#611=EDGE_CURVE('',#761,#762,#903,.T.);
#612=EDGE_CURVE('',#763,#762,#904,.T.);
#613=EDGE_CURVE('',#760,#763,#905,.T.);
#614=EDGE_CURVE('',#764,#757,#906,.T.);
#615=EDGE_CURVE('',#765,#756,#907,.T.);
#616=EDGE_CURVE('',#765,#764,#908,.T.);
#617=EDGE_CURVE('',#766,#759,#909,.T.);
#618=EDGE_CURVE('',#766,#765,#910,.T.);
#619=EDGE_CURVE('',#767,#758,#911,.T.);
#620=EDGE_CURVE('',#766,#767,#912,.T.);
#621=EDGE_CURVE('',#768,#760,#913,.T.);
#622=EDGE_CURVE('',#768,#769,#914,.T.);
#623=EDGE_CURVE('',#769,#761,#915,.T.);
#624=EDGE_CURVE('',#770,#763,#916,.T.);
#625=EDGE_CURVE('',#768,#770,#917,.T.);
#626=EDGE_CURVE('',#771,#762,#918,.T.);
#627=EDGE_CURVE('',#770,#771,#919,.T.);
#628=EDGE_CURVE('',#769,#771,#920,.T.);
#629=EDGE_CURVE('',#767,#764,#921,.T.);
#630=EDGE_CURVE('',#772,#773,#922,.T.);
#631=EDGE_CURVE('',#774,#772,#923,.T.);
#632=EDGE_CURVE('',#774,#775,#924,.T.);
#633=EDGE_CURVE('',#775,#773,#925,.T.);
#634=EDGE_CURVE('',#772,#776,#926,.T.);
#635=EDGE_CURVE('',#777,#776,#927,.T.);
#636=EDGE_CURVE('',#774,#777,#928,.T.);
#637=EDGE_CURVE('',#776,#778,#929,.T.);
#638=EDGE_CURVE('',#779,#778,#930,.T.);
#639=EDGE_CURVE('',#777,#779,#931,.T.);
#640=EDGE_CURVE('',#773,#778,#932,.T.);
#641=EDGE_CURVE('',#775,#779,#933,.T.);
#642=VERTEX_POINT('',#2128);
#643=VERTEX_POINT('',#2129);
#644=VERTEX_POINT('',#2131);
#645=VERTEX_POINT('',#2133);
#646=VERTEX_POINT('',#2137);
#647=VERTEX_POINT('',#2138);
#648=VERTEX_POINT('',#2140);
#649=VERTEX_POINT('',#2142);
#650=VERTEX_POINT('',#2146);
#651=VERTEX_POINT('',#2148);
#652=VERTEX_POINT('',#2152);
#653=VERTEX_POINT('',#2154);
#654=VERTEX_POINT('',#2158);
#655=VERTEX_POINT('',#2160);
#656=VERTEX_POINT('',#2163);
#657=VERTEX_POINT('',#2165);
#658=VERTEX_POINT('',#2168);
#659=VERTEX_POINT('',#2170);
#660=VERTEX_POINT('',#2173);
#661=VERTEX_POINT('',#2175);
#662=VERTEX_POINT('',#2183);
#663=VERTEX_POINT('',#2185);
#664=VERTEX_POINT('',#2187);
#665=VERTEX_POINT('',#2189);
#666=VERTEX_POINT('',#2193);
#667=VERTEX_POINT('',#2195);
#668=VERTEX_POINT('',#2199);
#669=VERTEX_POINT('',#2203);
#670=VERTEX_POINT('',#2209);
#671=VERTEX_POINT('',#2211);
#672=VERTEX_POINT('',#2217);
#673=VERTEX_POINT('',#2218);
#674=VERTEX_POINT('',#2220);
#675=VERTEX_POINT('',#2222);
#676=VERTEX_POINT('',#2226);
#677=VERTEX_POINT('',#2228);
#678=VERTEX_POINT('',#2232);
#679=VERTEX_POINT('',#2234);
#680=VERTEX_POINT('',#2241);
#681=VERTEX_POINT('',#2242);
#682=VERTEX_POINT('',#2244);
#683=VERTEX_POINT('',#2246);
#684=VERTEX_POINT('',#2249);
#685=VERTEX_POINT('',#2250);
#686=VERTEX_POINT('',#2252);
#687=VERTEX_POINT('',#2254);
#688=VERTEX_POINT('',#2258);
#689=VERTEX_POINT('',#2259);
#690=VERTEX_POINT('',#2264);
#691=VERTEX_POINT('',#2268);
#692=VERTEX_POINT('',#2274);
#693=VERTEX_POINT('',#2276);
#694=VERTEX_POINT('',#2278);
#695=VERTEX_POINT('',#2280);
#696=VERTEX_POINT('',#2282);
#697=VERTEX_POINT('',#2284);
#698=VERTEX_POINT('',#2287);
#699=VERTEX_POINT('',#2289);
#700=VERTEX_POINT('',#2291);
#701=VERTEX_POINT('',#2293);
#702=VERTEX_POINT('',#2295);
#703=VERTEX_POINT('',#2297);
#704=VERTEX_POINT('',#2299);
#705=VERTEX_POINT('',#2300);
#706=VERTEX_POINT('',#2302);
#707=VERTEX_POINT('',#2304);
#708=VERTEX_POINT('',#2306);
#709=VERTEX_POINT('',#2308);
#710=VERTEX_POINT('',#2310);
#711=VERTEX_POINT('',#2312);
#712=VERTEX_POINT('',#2315);
#713=VERTEX_POINT('',#2316);
#714=VERTEX_POINT('',#2318);
#715=VERTEX_POINT('',#2320);
#716=VERTEX_POINT('',#2322);
#717=VERTEX_POINT('',#2324);
#718=VERTEX_POINT('',#2328);
#719=VERTEX_POINT('',#2330);
#720=VERTEX_POINT('',#2334);
#721=VERTEX_POINT('',#2338);
#722=VERTEX_POINT('',#2342);
#723=VERTEX_POINT('',#2346);
#724=VERTEX_POINT('',#2353);
#725=VERTEX_POINT('',#2355);
#726=VERTEX_POINT('',#2359);
#727=VERTEX_POINT('',#2363);
#728=VERTEX_POINT('',#2367);
#729=VERTEX_POINT('',#2371);
#730=VERTEX_POINT('',#2375);
#731=VERTEX_POINT('',#2379);
#732=VERTEX_POINT('',#2386);
#733=VERTEX_POINT('',#2389);
#734=VERTEX_POINT('',#2393);
#735=VERTEX_POINT('',#2396);
#736=VERTEX_POINT('',#2400);
#737=VERTEX_POINT('',#2403);
#738=VERTEX_POINT('',#2407);
#739=VERTEX_POINT('',#2410);
#740=VERTEX_POINT('',#2414);
#741=VERTEX_POINT('',#2416);
#742=VERTEX_POINT('',#2420);
#743=VERTEX_POINT('',#2424);
#744=VERTEX_POINT('',#2431);
#745=VERTEX_POINT('',#2434);
#746=VERTEX_POINT('',#2438);
#747=VERTEX_POINT('',#2441);
#748=VERTEX_POINT('',#2446);
#749=VERTEX_POINT('',#2447);
#750=VERTEX_POINT('',#2449);
#751=VERTEX_POINT('',#2451);
#752=VERTEX_POINT('',#2455);
#753=VERTEX_POINT('',#2457);
#754=VERTEX_POINT('',#2461);
#755=VERTEX_POINT('',#2463);
#756=VERTEX_POINT('',#2470);
#757=VERTEX_POINT('',#2471);
#758=VERTEX_POINT('',#2473);
#759=VERTEX_POINT('',#2475);
#760=VERTEX_POINT('',#2479);
#761=VERTEX_POINT('',#2480);
#762=VERTEX_POINT('',#2482);
#763=VERTEX_POINT('',#2484);
#764=VERTEX_POINT('',#2488);
#765=VERTEX_POINT('',#2490);
#766=VERTEX_POINT('',#2494);
#767=VERTEX_POINT('',#2498);
#768=VERTEX_POINT('',#2502);
#769=VERTEX_POINT('',#2504);
#770=VERTEX_POINT('',#2508);
#771=VERTEX_POINT('',#2512);
#772=VERTEX_POINT('',#2522);
#773=VERTEX_POINT('',#2523);
#774=VERTEX_POINT('',#2525);
#775=VERTEX_POINT('',#2527);
#776=VERTEX_POINT('',#2531);
#777=VERTEX_POINT('',#2533);
#778=VERTEX_POINT('',#2537);
#779=VERTEX_POINT('',#2539);
#780=LINE('',#2127,#934);
#781=LINE('',#2130,#935);
#782=LINE('',#2132,#936);
#783=LINE('',#2134,#937);
#784=LINE('',#2136,#938);
#785=LINE('',#2139,#939);
#786=LINE('',#2141,#940);
#787=LINE('',#2143,#941);
#788=LINE('',#2145,#942);
#789=LINE('',#2147,#943);
#790=LINE('',#2149,#944);
#791=LINE('',#2151,#945);
#792=LINE('',#2153,#946);
#793=LINE('',#2155,#947);
#794=LINE('',#2177,#948);
#795=LINE('',#2178,#949);
#796=LINE('',#2180,#950);
#797=LINE('',#2186,#951);
#798=LINE('',#2188,#952);
#799=LINE('',#2190,#953);
#800=LINE('',#2192,#954);
#801=LINE('',#2194,#955);
#802=LINE('',#2196,#956);
#803=LINE('',#2198,#957);
#804=LINE('',#2200,#958);
#805=LINE('',#2202,#959);
#806=LINE('',#2204,#960);
#807=LINE('',#2206,#961);
#808=LINE('',#2216,#962);
#809=LINE('',#2219,#963);
#810=LINE('',#2221,#964);
#811=LINE('',#2223,#965);
#812=LINE('',#2225,#966);
#813=LINE('',#2227,#967);
#814=LINE('',#2229,#968);
#815=LINE('',#2231,#969);
#816=LINE('',#2233,#970);
#817=LINE('',#2235,#971);
#818=LINE('',#2237,#972);
#819=LINE('',#2238,#973);
#820=LINE('',#2240,#974);
#821=LINE('',#2243,#975);
#822=LINE('',#2245,#976);
#823=LINE('',#2247,#977);
#824=LINE('',#2248,#978);
#825=LINE('',#2251,#979);
#826=LINE('',#2253,#980);
#827=LINE('',#2255,#981);
#828=LINE('',#2257,#982);
#829=LINE('',#2260,#983);
#830=LINE('',#2261,#984);
#831=LINE('',#2263,#985);
#832=LINE('',#2265,#986);
#833=LINE('',#2267,#987);
#834=LINE('',#2269,#988);
#835=LINE('',#2271,#989);
#836=LINE('',#2298,#990);
#837=LINE('',#2301,#991);
#838=LINE('',#2303,#992);
#839=LINE('',#2305,#993);
#840=LINE('',#2307,#994);
#841=LINE('',#2309,#995);
#842=LINE('',#2311,#996);
#843=LINE('',#2313,#997);
#844=LINE('',#2314,#998);
#845=LINE('',#2317,#999);
#846=LINE('',#2319,#1000);
#847=LINE('',#2321,#1001);
#848=LINE('',#2323,#1002);
#849=LINE('',#2325,#1003);
#850=LINE('',#2327,#1004);
#851=LINE('',#2329,#1005);
#852=LINE('',#2331,#1006);
#853=LINE('',#2333,#1007);
#854=LINE('',#2335,#1008);
#855=LINE('',#2337,#1009);
#856=LINE('',#2339,#1010);
#857=LINE('',#2341,#1011);
#858=LINE('',#2343,#1012);
#859=LINE('',#2345,#1013);
#860=LINE('',#2347,#1014);
#861=LINE('',#2349,#1015);
#862=LINE('',#2352,#1016);
#863=LINE('',#2354,#1017);
#864=LINE('',#2356,#1018);
#865=LINE('',#2358,#1019);
#866=LINE('',#2360,#1020);
#867=LINE('',#2362,#1021);
#868=LINE('',#2364,#1022);
#869=LINE('',#2366,#1023);
#870=LINE('',#2368,#1024);
#871=LINE('',#2370,#1025);
#872=LINE('',#2372,#1026);
#873=LINE('',#2374,#1027);
#874=LINE('',#2376,#1028);
#875=LINE('',#2378,#1029);
#876=LINE('',#2380,#1030);
#877=LINE('',#2382,#1031);
#878=LINE('',#2413,#1032);
#879=LINE('',#2415,#1033);
#880=LINE('',#2417,#1034);
#881=LINE('',#2419,#1035);
#882=LINE('',#2421,#1036);
#883=LINE('',#2423,#1037);
#884=LINE('',#2425,#1038);
#885=LINE('',#2427,#1039);
#886=LINE('',#2445,#1040);
#887=LINE('',#2448,#1041);
#888=LINE('',#2450,#1042);
#889=LINE('',#2452,#1043);
#890=LINE('',#2454,#1044);
#891=LINE('',#2456,#1045);
#892=LINE('',#2458,#1046);
#893=LINE('',#2460,#1047);
#894=LINE('',#2462,#1048);
#895=LINE('',#2464,#1049);
#896=LINE('',#2466,#1050);
#897=LINE('',#2467,#1051);
#898=LINE('',#2469,#1052);
#899=LINE('',#2472,#1053);
#900=LINE('',#2474,#1054);
#901=LINE('',#2476,#1055);
#902=LINE('',#2478,#1056);
#903=LINE('',#2481,#1057);
#904=LINE('',#2483,#1058);
#905=LINE('',#2485,#1059);
#906=LINE('',#2487,#1060);
#907=LINE('',#2489,#1061);
#908=LINE('',#2491,#1062);
#909=LINE('',#2493,#1063);
#910=LINE('',#2495,#1064);
#911=LINE('',#2497,#1065);
#912=LINE('',#2499,#1066);
#913=LINE('',#2501,#1067);
#914=LINE('',#2503,#1068);
#915=LINE('',#2505,#1069);
#916=LINE('',#2507,#1070);
#917=LINE('',#2509,#1071);
#918=LINE('',#2511,#1072);
#919=LINE('',#2513,#1073);
#920=LINE('',#2515,#1074);
#921=LINE('',#2517,#1075);
#922=LINE('',#2521,#1076);
#923=LINE('',#2524,#1077);
#924=LINE('',#2526,#1078);
#925=LINE('',#2528,#1079);
#926=LINE('',#2530,#1080);
#927=LINE('',#2532,#1081);
#928=LINE('',#2534,#1082);
#929=LINE('',#2536,#1083);
#930=LINE('',#2538,#1084);
#931=LINE('',#2540,#1085);
#932=LINE('',#2542,#1086);
#933=LINE('',#2543,#1087);
#934=VECTOR('',#1717,1.);
#935=VECTOR('',#1718,1.);
#936=VECTOR('',#1719,1.);
#937=VECTOR('',#1720,1.);
#938=VECTOR('',#1723,1.);
#939=VECTOR('',#1724,1.);
#940=VECTOR('',#1725,1.);
#941=VECTOR('',#1726,1.);
#942=VECTOR('',#1729,1.);
#943=VECTOR('',#1730,1.);
#944=VECTOR('',#1731,1.);
#945=VECTOR('',#1734,1.);
#946=VECTOR('',#1735,1.);
#947=VECTOR('',#1736,1.);
#948=VECTOR('',#1763,1.);
#949=VECTOR('',#1764,1.);
#950=VECTOR('',#1767,1.);
#951=VECTOR('',#1774,1.);
#952=VECTOR('',#1775,1.);
#953=VECTOR('',#1776,1.);
#954=VECTOR('',#1779,1.);
#955=VECTOR('',#1780,1.);
#956=VECTOR('',#1781,1.);
#957=VECTOR('',#1784,1.);
#958=VECTOR('',#1785,1.);
#959=VECTOR('',#1788,1.);
#960=VECTOR('',#1789,1.);
#961=VECTOR('',#1792,1.);
#962=VECTOR('',#1807,1.);
#963=VECTOR('',#1808,1.);
#964=VECTOR('',#1809,1.);
#965=VECTOR('',#1810,1.);
#966=VECTOR('',#1813,1.);
#967=VECTOR('',#1814,1.);
#968=VECTOR('',#1815,1.);
#969=VECTOR('',#1818,1.);
#970=VECTOR('',#1819,1.);
#971=VECTOR('',#1820,1.);
#972=VECTOR('',#1823,1.);
#973=VECTOR('',#1824,1.);
#974=VECTOR('',#1827,1.);
#975=VECTOR('',#1828,1.);
#976=VECTOR('',#1829,1.);
#977=VECTOR('',#1830,1.);
#978=VECTOR('',#1831,1.);
#979=VECTOR('',#1832,1.);
#980=VECTOR('',#1833,1.);
#981=VECTOR('',#1834,1.);
#982=VECTOR('',#1837,1.);
#983=VECTOR('',#1838,1.);
#984=VECTOR('',#1839,1.);
#985=VECTOR('',#1842,1.);
#986=VECTOR('',#1843,1.);
#987=VECTOR('',#1846,1.);
#988=VECTOR('',#1847,1.);
#989=VECTOR('',#1850,1.);
#990=VECTOR('',#1879,1.);
#991=VECTOR('',#1880,1.);
#992=VECTOR('',#1881,1.);
#993=VECTOR('',#1882,1.);
#994=VECTOR('',#1883,1.);
#995=VECTOR('',#1884,1.);
#996=VECTOR('',#1885,1.);
#997=VECTOR('',#1886,1.);
#998=VECTOR('',#1887,1.);
#999=VECTOR('',#1888,1.);
#1000=VECTOR('',#1889,1.);
#1001=VECTOR('',#1890,1.);
#1002=VECTOR('',#1891,1.);
#1003=VECTOR('',#1892,1.);
#1004=VECTOR('',#1895,1.);
#1005=VECTOR('',#1896,1.);
#1006=VECTOR('',#1897,1.);
#1007=VECTOR('',#1900,1.);
#1008=VECTOR('',#1901,1.);
#1009=VECTOR('',#1904,1.);
#1010=VECTOR('',#1905,1.);
#1011=VECTOR('',#1908,1.);
#1012=VECTOR('',#1909,1.);
#1013=VECTOR('',#1912,1.);
#1014=VECTOR('',#1913,1.);
#1015=VECTOR('',#1916,1.);
#1016=VECTOR('',#1921,1.);
#1017=VECTOR('',#1922,1.);
#1018=VECTOR('',#1923,1.);
#1019=VECTOR('',#1926,1.);
#1020=VECTOR('',#1927,1.);
#1021=VECTOR('',#1930,1.);
#1022=VECTOR('',#1931,1.);
#1023=VECTOR('',#1934,1.);
#1024=VECTOR('',#1935,1.);
#1025=VECTOR('',#1938,1.);
#1026=VECTOR('',#1939,1.);
#1027=VECTOR('',#1942,1.);
#1028=VECTOR('',#1943,1.);
#1029=VECTOR('',#1946,1.);
#1030=VECTOR('',#1947,1.);
#1031=VECTOR('',#1950,1.);
#1032=VECTOR('',#1995,1.);
#1033=VECTOR('',#1996,1.);
#1034=VECTOR('',#1997,1.);
#1035=VECTOR('',#2000,1.);
#1036=VECTOR('',#2001,1.);
#1037=VECTOR('',#2004,1.);
#1038=VECTOR('',#2005,1.);
#1039=VECTOR('',#2008,1.);
#1040=VECTOR('',#2035,1.);
#1041=VECTOR('',#2036,1.);
#1042=VECTOR('',#2037,1.);
#1043=VECTOR('',#2038,1.);
#1044=VECTOR('',#2041,1.);
#1045=VECTOR('',#2042,1.);
#1046=VECTOR('',#2043,1.);
#1047=VECTOR('',#2046,1.);
#1048=VECTOR('',#2047,1.);
#1049=VECTOR('',#2048,1.);
#1050=VECTOR('',#2051,1.);
#1051=VECTOR('',#2052,1.);
#1052=VECTOR('',#2055,1.);
#1053=VECTOR('',#2056,1.);
#1054=VECTOR('',#2057,1.);
#1055=VECTOR('',#2058,1.);
#1056=VECTOR('',#2061,1.);
#1057=VECTOR('',#2062,1.);
#1058=VECTOR('',#2063,1.);
#1059=VECTOR('',#2064,1.);
#1060=VECTOR('',#2067,1.);
#1061=VECTOR('',#2068,1.);
#1062=VECTOR('',#2069,1.);
#1063=VECTOR('',#2072,1.);
#1064=VECTOR('',#2073,1.);
#1065=VECTOR('',#2076,1.);
#1066=VECTOR('',#2077,1.);
#1067=VECTOR('',#2080,1.);
#1068=VECTOR('',#2081,1.);
#1069=VECTOR('',#2082,1.);
#1070=VECTOR('',#2085,1.);
#1071=VECTOR('',#2086,1.);
#1072=VECTOR('',#2089,1.);
#1073=VECTOR('',#2090,1.);
#1074=VECTOR('',#2093,1.);
#1075=VECTOR('',#2096,1.);
#1076=VECTOR('',#2103,1.);
#1077=VECTOR('',#2104,1.);
#1078=VECTOR('',#2105,1.);
#1079=VECTOR('',#2106,1.);
#1080=VECTOR('',#2109,1.);
#1081=VECTOR('',#2110,1.);
#1082=VECTOR('',#2111,1.);
#1083=VECTOR('',#2114,1.);
#1084=VECTOR('',#2115,1.);
#1085=VECTOR('',#2116,1.);
#1086=VECTOR('',#2119,1.);
#1087=VECTOR('',#2120,1.);
#1088=EDGE_LOOP('',(#72,#73,#74,#75));
#1089=EDGE_LOOP('',(#76,#77,#78,#79));
#1090=EDGE_LOOP('',(#80,#81,#82,#83));
#1091=EDGE_LOOP('',(#84,#85,#86,#87));
#1092=EDGE_LOOP('',(#88));
#1093=EDGE_LOOP('',(#89));
#1094=EDGE_LOOP('',(#90));
#1095=EDGE_LOOP('',(#91));
#1096=EDGE_LOOP('',(#92));
#1097=EDGE_LOOP('',(#93));
#1098=EDGE_LOOP('',(#94));
#1099=EDGE_LOOP('',(#95));
#1100=EDGE_LOOP('',(#96,#97,#98,#99));
#1101=EDGE_LOOP('',(#100));
#1102=EDGE_LOOP('',(#101));
#1103=EDGE_LOOP('',(#102));
#1104=EDGE_LOOP('',(#103));
#1105=EDGE_LOOP('',(#104,#105,#106,#107,#108,#109));
#1106=EDGE_LOOP('',(#110));
#1107=EDGE_LOOP('',(#111));
#1108=EDGE_LOOP('',(#112));
#1109=EDGE_LOOP('',(#113));
#1110=EDGE_LOOP('',(#114));
#1111=EDGE_LOOP('',(#115));
#1112=EDGE_LOOP('',(#116,#117,#118,#119,#120,#121,#122,#123));
#1113=EDGE_LOOP('',(#124,#125,#126,#127));
#1114=EDGE_LOOP('',(#128,#129,#130,#131,#132));
#1115=EDGE_LOOP('',(#133,#134,#135,#136));
#1116=EDGE_LOOP('',(#137,#138,#139,#140,#141));
#1117=EDGE_LOOP('',(#142));
#1118=EDGE_LOOP('',(#143));
#1119=EDGE_LOOP('',(#144,#145,#146,#147));
#1120=EDGE_LOOP('',(#148));
#1121=EDGE_LOOP('',(#149));
#1122=EDGE_LOOP('',(#150));
#1123=EDGE_LOOP('',(#151));
#1124=EDGE_LOOP('',(#152,#153,#154,#155));
#1125=EDGE_LOOP('',(#156,#157,#158,#159));
#1126=EDGE_LOOP('',(#160,#161,#162,#163));
#1127=EDGE_LOOP('',(#164,#165,#166,#167));
#1128=EDGE_LOOP('',(#168,#169,#170,#171));
#1129=EDGE_LOOP('',(#172,#173,#174,#175));
#1130=EDGE_LOOP('',(#176,#177,#178,#179));
#1131=EDGE_LOOP('',(#180,#181,#182,#183));
#1132=EDGE_LOOP('',(#184,#185,#186,#187));
#1133=EDGE_LOOP('',(#188,#189,#190,#191));
#1134=EDGE_LOOP('',(#192));
#1135=EDGE_LOOP('',(#193));
#1136=EDGE_LOOP('',(#194));
#1137=EDGE_LOOP('',(#195));
#1138=EDGE_LOOP('',(#196));
#1139=EDGE_LOOP('',(#197));
#1140=EDGE_LOOP('',(#198,#199,#200,#201));
#1141=EDGE_LOOP('',(#202));
#1142=EDGE_LOOP('',(#203));
#1143=EDGE_LOOP('',(#204));
#1144=EDGE_LOOP('',(#205));
#1145=EDGE_LOOP('',(#206));
#1146=EDGE_LOOP('',(#207));
#1147=EDGE_LOOP('',(#208,#209,#210,#211,#212,#213,#214,#215));
#1148=EDGE_LOOP('',(#216,#217,#218,#219,#220,#221));
#1149=EDGE_LOOP('',(#222,#223,#224,#225));
#1150=EDGE_LOOP('',(#226,#227,#228,#229));
#1151=EDGE_LOOP('',(#230,#231,#232,#233));
#1152=EDGE_LOOP('',(#234,#235,#236,#237));
#1153=EDGE_LOOP('',(#238,#239,#240,#241));
#1154=EDGE_LOOP('',(#242,#243,#244,#245));
#1155=EDGE_LOOP('',(#246,#247,#248,#249));
#1156=EDGE_LOOP('',(#250,#251,#252,#253,#254,#255));
#1157=EDGE_LOOP('',(#256,#257,#258,#259));
#1158=EDGE_LOOP('',(#260,#261,#262,#263));
#1159=EDGE_LOOP('',(#264,#265,#266,#267));
#1160=EDGE_LOOP('',(#268,#269,#270,#271));
#1161=EDGE_LOOP('',(#272,#273,#274,#275));
#1162=EDGE_LOOP('',(#276,#277,#278,#279));
#1163=EDGE_LOOP('',(#280,#281,#282,#283));
#1164=EDGE_LOOP('',(#284,#285,#286,#287));
#1165=EDGE_LOOP('',(#288,#289,#290,#291,#292,#293,#294,#295));
#1166=EDGE_LOOP('',(#296));
#1167=EDGE_LOOP('',(#297));
#1168=EDGE_LOOP('',(#298));
#1169=EDGE_LOOP('',(#299));
#1170=EDGE_LOOP('',(#300));
#1171=EDGE_LOOP('',(#301));
#1172=EDGE_LOOP('',(#302));
#1173=EDGE_LOOP('',(#303));
#1174=EDGE_LOOP('',(#304));
#1175=EDGE_LOOP('',(#305));
#1176=EDGE_LOOP('',(#306));
#1177=EDGE_LOOP('',(#307));
#1178=EDGE_LOOP('',(#308));
#1179=EDGE_LOOP('',(#309));
#1180=EDGE_LOOP('',(#310));
#1181=EDGE_LOOP('',(#311));
#1182=EDGE_LOOP('',(#312));
#1183=EDGE_LOOP('',(#313));
#1184=EDGE_LOOP('',(#314));
#1185=EDGE_LOOP('',(#315));
#1186=EDGE_LOOP('',(#316));
#1187=EDGE_LOOP('',(#317));
#1188=EDGE_LOOP('',(#318));
#1189=EDGE_LOOP('',(#319));
#1190=EDGE_LOOP('',(#320,#321,#322,#323));
#1191=EDGE_LOOP('',(#324,#325,#326,#327));
#1192=EDGE_LOOP('',(#328,#329,#330,#331));
#1193=EDGE_LOOP('',(#332,#333,#334,#335));
#1194=EDGE_LOOP('',(#336,#337,#338,#339));
#1195=EDGE_LOOP('',(#340,#341,#342,#343));
#1196=EDGE_LOOP('',(#344));
#1197=EDGE_LOOP('',(#345));
#1198=EDGE_LOOP('',(#346));
#1199=EDGE_LOOP('',(#347));
#1200=EDGE_LOOP('',(#348));
#1201=EDGE_LOOP('',(#349));
#1202=EDGE_LOOP('',(#350));
#1203=EDGE_LOOP('',(#351));
#1204=EDGE_LOOP('',(#352));
#1205=EDGE_LOOP('',(#353));
#1206=EDGE_LOOP('',(#354));
#1207=EDGE_LOOP('',(#355));
#1208=EDGE_LOOP('',(#356,#357,#358,#359));
#1209=EDGE_LOOP('',(#360,#361,#362,#363));
#1210=EDGE_LOOP('',(#364,#365,#366,#367));
#1211=EDGE_LOOP('',(#368,#369,#370,#371));
#1212=EDGE_LOOP('',(#372,#373,#374,#375));
#1213=EDGE_LOOP('',(#376,#377,#378,#379));
#1214=EDGE_LOOP('',(#380,#381,#382,#383));
#1215=EDGE_LOOP('',(#384,#385,#386,#387));
#1216=EDGE_LOOP('',(#388,#389,#390,#391));
#1217=EDGE_LOOP('',(#392,#393,#394,#395));
#1218=EDGE_LOOP('',(#396,#397,#398,#399));
#1219=EDGE_LOOP('',(#400,#401,#402,#403));
#1220=EDGE_LOOP('',(#404,#405,#406,#407));
#1221=EDGE_LOOP('',(#408,#409,#410,#411));
#1222=EDGE_LOOP('',(#412,#413,#414,#415));
#1223=EDGE_LOOP('',(#416,#417,#418,#419));
#1224=EDGE_LOOP('',(#420,#421,#422,#423));
#1225=EDGE_LOOP('',(#424,#425,#426,#427));
#1226=EDGE_LOOP('',(#428,#429,#430,#431));
#1227=EDGE_LOOP('',(#432,#433,#434,#435));
#1228=EDGE_LOOP('',(#436,#437,#438,#439));
#1229=EDGE_LOOP('',(#440,#441,#442,#443));
#1230=EDGE_LOOP('',(#444,#445,#446,#447));
#1231=EDGE_LOOP('',(#448,#449,#450,#451));
#1232=FACE_BOUND('',#1088,.T.);
#1233=FACE_BOUND('',#1089,.T.);
#1234=FACE_BOUND('',#1090,.T.);
#1235=FACE_BOUND('',#1091,.T.);
#1236=FACE_BOUND('',#1092,.T.);
#1237=FACE_BOUND('',#1093,.T.);
#1238=FACE_BOUND('',#1094,.T.);
#1239=FACE_BOUND('',#1095,.T.);
#1240=FACE_BOUND('',#1096,.T.);
#1241=FACE_BOUND('',#1097,.T.);
#1242=FACE_BOUND('',#1098,.T.);
#1243=FACE_BOUND('',#1099,.T.);
#1244=FACE_BOUND('',#1100,.T.);
#1245=FACE_BOUND('',#1101,.T.);
#1246=FACE_BOUND('',#1102,.T.);
#1247=FACE_BOUND('',#1103,.T.);
#1248=FACE_BOUND('',#1104,.T.);
#1249=FACE_BOUND('',#1105,.T.);
#1250=FACE_BOUND('',#1106,.T.);
#1251=FACE_BOUND('',#1107,.T.);
#1252=FACE_BOUND('',#1108,.T.);
#1253=FACE_BOUND('',#1109,.T.);
#1254=FACE_BOUND('',#1110,.T.);
#1255=FACE_BOUND('',#1111,.T.);
#1256=FACE_BOUND('',#1112,.T.);
#1257=FACE_BOUND('',#1113,.T.);
#1258=FACE_BOUND('',#1114,.T.);
#1259=FACE_BOUND('',#1115,.T.);
#1260=FACE_BOUND('',#1116,.T.);
#1261=FACE_BOUND('',#1117,.T.);
#1262=FACE_BOUND('',#1118,.T.);
#1263=FACE_BOUND('',#1119,.T.);
#1264=FACE_BOUND('',#1120,.T.);
#1265=FACE_BOUND('',#1121,.T.);
#1266=FACE_BOUND('',#1122,.T.);
#1267=FACE_BOUND('',#1123,.T.);
#1268=FACE_BOUND('',#1124,.T.);
#1269=FACE_BOUND('',#1125,.T.);
#1270=FACE_BOUND('',#1126,.T.);
#1271=FACE_BOUND('',#1127,.T.);
#1272=FACE_BOUND('',#1128,.T.);
#1273=FACE_BOUND('',#1129,.T.);
#1274=FACE_BOUND('',#1130,.T.);
#1275=FACE_BOUND('',#1131,.T.);
#1276=FACE_BOUND('',#1132,.T.);
#1277=FACE_BOUND('',#1133,.T.);
#1278=FACE_BOUND('',#1134,.T.);
#1279=FACE_BOUND('',#1135,.T.);
#1280=FACE_BOUND('',#1136,.T.);
#1281=FACE_BOUND('',#1137,.T.);
#1282=FACE_BOUND('',#1138,.T.);
#1283=FACE_BOUND('',#1139,.T.);
#1284=FACE_BOUND('',#1140,.T.);
#1285=FACE_BOUND('',#1141,.T.);
#1286=FACE_BOUND('',#1142,.T.);
#1287=FACE_BOUND('',#1143,.T.);
#1288=FACE_BOUND('',#1144,.T.);
#1289=FACE_BOUND('',#1145,.T.);
#1290=FACE_BOUND('',#1146,.T.);
#1291=FACE_BOUND('',#1147,.T.);
#1292=FACE_BOUND('',#1148,.T.);
#1293=FACE_BOUND('',#1149,.T.);
#1294=FACE_BOUND('',#1150,.T.);
#1295=FACE_BOUND('',#1151,.T.);
#1296=FACE_BOUND('',#1152,.T.);
#1297=FACE_BOUND('',#1153,.T.);
#1298=FACE_BOUND('',#1154,.T.);
#1299=FACE_BOUND('',#1155,.T.);
#1300=FACE_BOUND('',#1156,.T.);
#1301=FACE_BOUND('',#1157,.T.);
#1302=FACE_BOUND('',#1158,.T.);
#1303=FACE_BOUND('',#1159,.T.);
#1304=FACE_BOUND('',#1160,.T.);
#1305=FACE_BOUND('',#1161,.T.);
#1306=FACE_BOUND('',#1162,.T.);
#1307=FACE_BOUND('',#1163,.T.);
#1308=FACE_BOUND('',#1164,.T.);
#1309=FACE_BOUND('',#1165,.T.);
#1310=FACE_BOUND('',#1166,.T.);
#1311=FACE_BOUND('',#1167,.T.);
#1312=FACE_BOUND('',#1168,.T.);
#1313=FACE_BOUND('',#1169,.T.);
#1314=FACE_BOUND('',#1170,.T.);
#1315=FACE_BOUND('',#1171,.T.);
#1316=FACE_BOUND('',#1172,.T.);
#1317=FACE_BOUND('',#1173,.T.);
#1318=FACE_BOUND('',#1174,.T.);
#1319=FACE_BOUND('',#1175,.T.);
#1320=FACE_BOUND('',#1176,.T.);
#1321=FACE_BOUND('',#1177,.T.);
#1322=FACE_BOUND('',#1178,.T.);
#1323=FACE_BOUND('',#1179,.T.);
#1324=FACE_BOUND('',#1180,.T.);
#1325=FACE_BOUND('',#1181,.T.);
#1326=FACE_BOUND('',#1182,.T.);
#1327=FACE_BOUND('',#1183,.T.);
#1328=FACE_BOUND('',#1184,.T.);
#1329=FACE_BOUND('',#1185,.T.);
#1330=FACE_BOUND('',#1186,.T.);
#1331=FACE_BOUND('',#1187,.T.);
#1332=FACE_BOUND('',#1188,.T.);
#1333=FACE_BOUND('',#1189,.T.);
#1334=FACE_BOUND('',#1190,.T.);
#1335=FACE_BOUND('',#1191,.T.);
#1336=FACE_BOUND('',#1192,.T.);
#1337=FACE_BOUND('',#1193,.T.);
#1338=FACE_BOUND('',#1194,.T.);
#1339=FACE_BOUND('',#1195,.T.);
#1340=FACE_BOUND('',#1196,.T.);
#1341=FACE_BOUND('',#1197,.T.);
#1342=FACE_BOUND('',#1198,.T.);
#1343=FACE_BOUND('',#1199,.T.);
#1344=FACE_BOUND('',#1200,.T.);
#1345=FACE_BOUND('',#1201,.T.);
#1346=FACE_BOUND('',#1202,.T.);
#1347=FACE_BOUND('',#1203,.T.);
#1348=FACE_BOUND('',#1204,.T.);
#1349=FACE_BOUND('',#1205,.T.);
#1350=FACE_BOUND('',#1206,.T.);
#1351=FACE_BOUND('',#1207,.T.);
#1352=FACE_BOUND('',#1208,.T.);
#1353=FACE_BOUND('',#1209,.T.);
#1354=FACE_BOUND('',#1210,.T.);
#1355=FACE_BOUND('',#1211,.T.);
#1356=FACE_BOUND('',#1212,.T.);
#1357=FACE_BOUND('',#1213,.T.);
#1358=FACE_BOUND('',#1214,.T.);
#1359=FACE_BOUND('',#1215,.T.);
#1360=FACE_BOUND('',#1216,.T.);
#1361=FACE_BOUND('',#1217,.T.);
#1362=FACE_BOUND('',#1218,.T.);
#1363=FACE_BOUND('',#1219,.T.);
#1364=FACE_BOUND('',#1220,.T.);
#1365=FACE_BOUND('',#1221,.T.);
#1366=FACE_BOUND('',#1222,.T.);
#1367=FACE_BOUND('',#1223,.T.);
#1368=FACE_BOUND('',#1224,.T.);
#1369=FACE_BOUND('',#1225,.T.);
#1370=FACE_BOUND('',#1226,.T.);
#1371=FACE_BOUND('',#1227,.T.);
#1372=FACE_BOUND('',#1228,.T.);
#1373=FACE_BOUND('',#1229,.T.);
#1374=FACE_BOUND('',#1230,.T.);
#1375=FACE_BOUND('',#1231,.T.);
#1376=PLANE('',#1585);
#1377=PLANE('',#1586);
#1378=PLANE('',#1587);
#1379=PLANE('',#1588);
#1380=PLANE('',#1601);
#1381=PLANE('',#1602);
#1382=PLANE('',#1603);
#1383=PLANE('',#1606);
#1384=PLANE('',#1607);
#1385=PLANE('',#1608);
#1386=PLANE('',#1609);
#1387=PLANE('',#1610);
#1388=PLANE('',#1616);
#1389=PLANE('',#1617);
#1390=PLANE('',#1618);
#1391=PLANE('',#1619);
#1392=PLANE('',#1620);
#1393=PLANE('',#1621);
#1394=PLANE('',#1622);
#1395=PLANE('',#1623);
#1396=PLANE('',#1624);
#1397=PLANE('',#1625);
#1398=PLANE('',#1632);
#1399=PLANE('',#1639);
#1400=PLANE('',#1640);
#1401=PLANE('',#1641);
#1402=PLANE('',#1642);
#1403=PLANE('',#1643);
#1404=PLANE('',#1644);
#1405=PLANE('',#1645);
#1406=PLANE('',#1646);
#1407=PLANE('',#1647);
#1408=PLANE('',#1648);
#1409=PLANE('',#1649);
#1410=PLANE('',#1650);
#1411=PLANE('',#1651);
#1412=PLANE('',#1652);
#1413=PLANE('',#1653);
#1414=PLANE('',#1654);
#1415=PLANE('',#1659);
#1416=PLANE('',#1664);
#1417=PLANE('',#1669);
#1418=PLANE('',#1674);
#1419=PLANE('',#1675);
#1420=PLANE('',#1676);
#1421=PLANE('',#1677);
#1422=PLANE('',#1678);
#1423=PLANE('',#1679);
#1424=PLANE('',#1684);
#1425=PLANE('',#1689);
#1426=PLANE('',#1691);
#1427=PLANE('',#1692);
#1428=PLANE('',#1693);
#1429=PLANE('',#1694);
#1430=PLANE('',#1695);
#1431=PLANE('',#1696);
#1432=PLANE('',#1697);
#1433=PLANE('',#1698);
#1434=PLANE('',#1699);
#1435=PLANE('',#1700);
#1436=PLANE('',#1701);
#1437=PLANE('',#1702);
#1438=PLANE('',#1703);
#1439=PLANE('',#1704);
#1440=PLANE('',#1705);
#1441=PLANE('',#1707);
#1442=PLANE('',#1708);
#1443=PLANE('',#1709);
#1444=PLANE('',#1710);
#1445=PLANE('',#1711);
#1446=PLANE('',#1712);
#1447=ADVANCED_FACE('',(#1232),#1376,.F.);
#1448=ADVANCED_FACE('',(#1233),#1377,.F.);
#1449=ADVANCED_FACE('',(#1234),#1378,.F.);
#1450=ADVANCED_FACE('',(#1235),#1379,.F.);
#1451=ADVANCED_FACE('',(#1236,#1237),#54,.F.);
#1452=ADVANCED_FACE('',(#1238,#1239),#55,.F.);
#1453=ADVANCED_FACE('',(#1240,#1241),#56,.F.);
#1454=ADVANCED_FACE('',(#1242,#1243),#57,.F.);
#1455=ADVANCED_FACE('',(#1244),#1380,.F.);
#1456=ADVANCED_FACE('',(#1245,#1246,#1247,#1248,#1249),#1381,.T.);
#1457=ADVANCED_FACE('',(#1250,#1251,#1252,#1253,#1254,#1255,#1256),#1382,
 .F.);
#1458=ADVANCED_FACE('',(#1257),#1383,.T.);
#1459=ADVANCED_FACE('',(#1258),#1384,.T.);
#1460=ADVANCED_FACE('',(#1259),#1385,.T.);
#1461=ADVANCED_FACE('',(#1260),#1386,.T.);
#1462=ADVANCED_FACE('',(#1261,#1262,#1263),#1387,.T.);
#1463=ADVANCED_FACE('',(#1264,#1265),#58,.F.);
#1464=ADVANCED_FACE('',(#1266,#1267),#59,.F.);
#1465=ADVANCED_FACE('',(#1268),#1388,.F.);
#1466=ADVANCED_FACE('',(#1269),#1389,.F.);
#1467=ADVANCED_FACE('',(#1270),#1390,.F.);
#1468=ADVANCED_FACE('',(#1271),#1391,.F.);
#1469=ADVANCED_FACE('',(#1272,#1273),#1392,.T.);
#1470=ADVANCED_FACE('',(#1274),#1393,.F.);
#1471=ADVANCED_FACE('',(#1275),#1394,.T.);
#1472=ADVANCED_FACE('',(#1276),#1395,.T.);
#1473=ADVANCED_FACE('',(#1277),#1396,.F.);
#1474=ADVANCED_FACE('',(#1278,#1279,#1280,#1281,#1282,#1283,#1284),#1397,
 .F.);
#1475=ADVANCED_FACE('',(#1285,#1286,#1287,#1288,#1289,#1290,#1291,#1292,
#1293),#1398,.T.);
#1476=ADVANCED_FACE('',(#1294),#1399,.T.);
#1477=ADVANCED_FACE('',(#1295),#1400,.F.);
#1478=ADVANCED_FACE('',(#1296),#1401,.F.);
#1479=ADVANCED_FACE('',(#1297),#1402,.F.);
#1480=ADVANCED_FACE('',(#1298),#1403,.F.);
#1481=ADVANCED_FACE('',(#1299),#1404,.T.);
#1482=ADVANCED_FACE('',(#1300),#1405,.T.);
#1483=ADVANCED_FACE('',(#1301),#1406,.T.);
#1484=ADVANCED_FACE('',(#1302),#1407,.F.);
#1485=ADVANCED_FACE('',(#1303),#1408,.F.);
#1486=ADVANCED_FACE('',(#1304),#1409,.T.);
#1487=ADVANCED_FACE('',(#1305),#1410,.T.);
#1488=ADVANCED_FACE('',(#1306),#1411,.T.);
#1489=ADVANCED_FACE('',(#1307),#1412,.T.);
#1490=ADVANCED_FACE('',(#1308),#1413,.T.);
#1491=ADVANCED_FACE('',(#1309),#1414,.T.);
#1492=ADVANCED_FACE('',(#1310,#1311),#60,.T.);
#1493=ADVANCED_FACE('',(#1312,#1313),#61,.F.);
#1494=ADVANCED_FACE('',(#1314,#1315),#1415,.T.);
#1495=ADVANCED_FACE('',(#1316,#1317),#62,.F.);
#1496=ADVANCED_FACE('',(#1318,#1319),#63,.T.);
#1497=ADVANCED_FACE('',(#1320,#1321),#1416,.T.);
#1498=ADVANCED_FACE('',(#1322,#1323),#64,.F.);
#1499=ADVANCED_FACE('',(#1324,#1325),#65,.T.);
#1500=ADVANCED_FACE('',(#1326,#1327),#1417,.T.);
#1501=ADVANCED_FACE('',(#1328,#1329),#66,.F.);
#1502=ADVANCED_FACE('',(#1330,#1331),#67,.T.);
#1503=ADVANCED_FACE('',(#1332,#1333),#1418,.T.);
#1504=ADVANCED_FACE('',(#1334),#1419,.T.);
#1505=ADVANCED_FACE('',(#1335),#1420,.F.);
#1506=ADVANCED_FACE('',(#1336),#1421,.T.);
#1507=ADVANCED_FACE('',(#1337),#1422,.F.);
#1508=ADVANCED_FACE('',(#1338,#1339),#1423,.T.);
#1509=ADVANCED_FACE('',(#1340,#1341),#68,.F.);
#1510=ADVANCED_FACE('',(#1342,#1343),#69,.T.);
#1511=ADVANCED_FACE('',(#1344,#1345),#1424,.T.);
#1512=ADVANCED_FACE('',(#1346,#1347),#70,.F.);
#1513=ADVANCED_FACE('',(#1348,#1349),#71,.T.);
#1514=ADVANCED_FACE('',(#1350,#1351),#1425,.T.);
#1515=ADVANCED_FACE('',(#1352),#1426,.T.);
#1516=ADVANCED_FACE('',(#1353),#1427,.T.);
#1517=ADVANCED_FACE('',(#1354),#1428,.T.);
#1518=ADVANCED_FACE('',(#1355),#1429,.F.);
#1519=ADVANCED_FACE('',(#1356,#1357),#1430,.T.);
#1520=ADVANCED_FACE('',(#1358,#1359),#1431,.F.);
#1521=ADVANCED_FACE('',(#1360),#1432,.T.);
#1522=ADVANCED_FACE('',(#1361),#1433,.T.);
#1523=ADVANCED_FACE('',(#1362),#1434,.F.);
#1524=ADVANCED_FACE('',(#1363),#1435,.T.);
#1525=ADVANCED_FACE('',(#1364),#1436,.F.);
#1526=ADVANCED_FACE('',(#1365),#1437,.F.);
#1527=ADVANCED_FACE('',(#1366),#1438,.T.);
#1528=ADVANCED_FACE('',(#1367),#1439,.F.);
#1529=ADVANCED_FACE('',(#1368,#1369),#1440,.T.);
#1530=ADVANCED_FACE('',(#1370),#1441,.T.);
#1531=ADVANCED_FACE('',(#1371),#1442,.F.);
#1532=ADVANCED_FACE('',(#1372),#1443,.F.);
#1533=ADVANCED_FACE('',(#1373),#1444,.T.);
#1534=ADVANCED_FACE('',(#1374),#1445,.T.);
#1535=ADVANCED_FACE('',(#1375),#1446,.F.);
#1536=CLOSED_SHELL('',(#1447,#1448,#1449,#1450,#1451,#1452,#1453,#1454,
#1455,#1456,#1457,#1458,#1459,#1460,#1461,#1462,#1463,#1464));
#1537=CLOSED_SHELL('',(#1465,#1466,#1467,#1468,#1469,#1470,#1471,#1472,
#1473,#1474,#1475,#1476,#1477,#1478,#1479,#1480,#1481,#1482,#1483,#1484,
#1485,#1486,#1487,#1488,#1489,#1490,#1491,#1492,#1493,#1494,#1495,#1496,
#1497,#1498,#1499,#1500,#1501,#1502,#1503,#1504,#1505,#1506,#1507,#1508,
#1509,#1510,#1511,#1512,#1513,#1514));
#1538=CLOSED_SHELL('',(#1515,#1516,#1517,#1518,#1519,#1520,#1521,#1522,
#1523,#1524,#1525,#1526,#1527,#1528,#1529));
#1539=CLOSED_SHELL('',(#1530,#1531,#1532,#1533,#1534,#1535));
#1540=STYLED_ITEM('',(#1544),#1572);
#1541=STYLED_ITEM('',(#1545),#1573);
#1542=STYLED_ITEM('',(#1546),#1574);
#1543=STYLED_ITEM('',(#1547),#1575);
#1544=PRESENTATION_STYLE_ASSIGNMENT((#1548));
#1545=PRESENTATION_STYLE_ASSIGNMENT((#1549));
#1546=PRESENTATION_STYLE_ASSIGNMENT((#1550));
#1547=PRESENTATION_STYLE_ASSIGNMENT((#1551));
#1548=SURFACE_STYLE_USAGE(.BOTH.,#1552);
#1549=SURFACE_STYLE_USAGE(.BOTH.,#1553);
#1550=SURFACE_STYLE_USAGE(.BOTH.,#1554);
#1551=SURFACE_STYLE_USAGE(.BOTH.,#1555);
#1552=SURFACE_SIDE_STYLE('',(#1556));
#1553=SURFACE_SIDE_STYLE('',(#1557));
#1554=SURFACE_SIDE_STYLE('',(#1558));
#1555=SURFACE_SIDE_STYLE('',(#1559));
#1556=SURFACE_STYLE_FILL_AREA(#1560);
#1557=SURFACE_STYLE_FILL_AREA(#1561);
#1558=SURFACE_STYLE_FILL_AREA(#1562);
#1559=SURFACE_STYLE_FILL_AREA(#1563);
#1560=FILL_AREA_STYLE('',(#1564));
#1561=FILL_AREA_STYLE('',(#1565));
#1562=FILL_AREA_STYLE('',(#1566));
#1563=FILL_AREA_STYLE('',(#1567));
#1564=FILL_AREA_STYLE_COLOUR('',#1568);
#1565=FILL_AREA_STYLE_COLOUR('',#1569);
#1566=FILL_AREA_STYLE_COLOUR('',#1570);
#1567=FILL_AREA_STYLE_COLOUR('',#1571);
#1568=COLOUR_RGB('',0.615686274509804,0.811764705882353,0.929411764705882);
#1569=COLOUR_RGB('',0.231372549019608,0.380392156862745,0.705882352941177);
#1570=COLOUR_RGB('',0.917647058823529,0.917647058823529,0.917647058823529);
#1571=COLOUR_RGB('',0.647058823529412,0.647058823529412,0.647058823529412);
#1572=MANIFOLD_SOLID_BREP('Part 3',#1536);
#1573=MANIFOLD_SOLID_BREP('Part 1',#1537);
#1574=MANIFOLD_SOLID_BREP('Part 2',#1538);
#1575=MANIFOLD_SOLID_BREP('Part 4',#1539);
#1576=SHAPE_DEFINITION_REPRESENTATION(#2570,#1580);
#1577=SHAPE_DEFINITION_REPRESENTATION(#2571,#1581);
#1578=SHAPE_DEFINITION_REPRESENTATION(#2572,#1582);
#1579=SHAPE_DEFINITION_REPRESENTATION(#2573,#1583);
#1580=SHAPE_REPRESENTATION('Part 3',(#1584),#2550);
#1581=SHAPE_REPRESENTATION('Part 1',(#1615),#2551);
#1582=SHAPE_REPRESENTATION('Part 2',(#1690),#2552);
#1583=SHAPE_REPRESENTATION('Part 4',(#1706),#2553);
#1584=AXIS2_PLACEMENT_3D('',#2125,#1713,#1714);
#1585=AXIS2_PLACEMENT_3D('',#2126,#1715,#1716);
#1586=AXIS2_PLACEMENT_3D('',#2135,#1721,#1722);
#1587=AXIS2_PLACEMENT_3D('',#2144,#1727,#1728);
#1588=AXIS2_PLACEMENT_3D('',#2150,#1732,#1733);
#1589=AXIS2_PLACEMENT_3D('',#2156,#1737,#1738);
#1590=AXIS2_PLACEMENT_3D('',#2157,#1739,#1740);
#1591=AXIS2_PLACEMENT_3D('',#2159,#1741,#1742);
#1592=AXIS2_PLACEMENT_3D('',#2161,#1743,#1744);
#1593=AXIS2_PLACEMENT_3D('',#2162,#1745,#1746);
#1594=AXIS2_PLACEMENT_3D('',#2164,#1747,#1748);
#1595=AXIS2_PLACEMENT_3D('',#2166,#1749,#1750);
#1596=AXIS2_PLACEMENT_3D('',#2167,#1751,#1752);
#1597=AXIS2_PLACEMENT_3D('',#2169,#1753,#1754);
#1598=AXIS2_PLACEMENT_3D('',#2171,#1755,#1756);
#1599=AXIS2_PLACEMENT_3D('',#2172,#1757,#1758);
#1600=AXIS2_PLACEMENT_3D('',#2174,#1759,#1760);
#1601=AXIS2_PLACEMENT_3D('',#2176,#1761,#1762);
#1602=AXIS2_PLACEMENT_3D('',#2179,#1765,#1766);
#1603=AXIS2_PLACEMENT_3D('',#2181,#1768,#1769);
#1604=AXIS2_PLACEMENT_3D('',#2182,#1770,#1771);
#1605=AXIS2_PLACEMENT_3D('',#2184,#1772,#1773);
#1606=AXIS2_PLACEMENT_3D('',#2191,#1777,#1778);
#1607=AXIS2_PLACEMENT_3D('',#2197,#1782,#1783);
#1608=AXIS2_PLACEMENT_3D('',#2201,#1786,#1787);
#1609=AXIS2_PLACEMENT_3D('',#2205,#1790,#1791);
#1610=AXIS2_PLACEMENT_3D('',#2207,#1793,#1794);
#1611=AXIS2_PLACEMENT_3D('',#2208,#1795,#1796);
#1612=AXIS2_PLACEMENT_3D('',#2210,#1797,#1798);
#1613=AXIS2_PLACEMENT_3D('',#2212,#1799,#1800);
#1614=AXIS2_PLACEMENT_3D('',#2213,#1801,#1802);
#1615=AXIS2_PLACEMENT_3D('',#2214,#1803,#1804);
#1616=AXIS2_PLACEMENT_3D('',#2215,#1805,#1806);
#1617=AXIS2_PLACEMENT_3D('',#2224,#1811,#1812);
#1618=AXIS2_PLACEMENT_3D('',#2230,#1816,#1817);
#1619=AXIS2_PLACEMENT_3D('',#2236,#1821,#1822);
#1620=AXIS2_PLACEMENT_3D('',#2239,#1825,#1826);
#1621=AXIS2_PLACEMENT_3D('',#2256,#1835,#1836);
#1622=AXIS2_PLACEMENT_3D('',#2262,#1840,#1841);
#1623=AXIS2_PLACEMENT_3D('',#2266,#1844,#1845);
#1624=AXIS2_PLACEMENT_3D('',#2270,#1848,#1849);
#1625=AXIS2_PLACEMENT_3D('',#2272,#1851,#1852);
#1626=AXIS2_PLACEMENT_3D('',#2273,#1853,#1854);
#1627=AXIS2_PLACEMENT_3D('',#2275,#1855,#1856);
#1628=AXIS2_PLACEMENT_3D('',#2277,#1857,#1858);
#1629=AXIS2_PLACEMENT_3D('',#2279,#1859,#1860);
#1630=AXIS2_PLACEMENT_3D('',#2281,#1861,#1862);
#1631=AXIS2_PLACEMENT_3D('',#2283,#1863,#1864);
#1632=AXIS2_PLACEMENT_3D('',#2285,#1865,#1866);
#1633=AXIS2_PLACEMENT_3D('',#2286,#1867,#1868);
#1634=AXIS2_PLACEMENT_3D('',#2288,#1869,#1870);
#1635=AXIS2_PLACEMENT_3D('',#2290,#1871,#1872);
#1636=AXIS2_PLACEMENT_3D('',#2292,#1873,#1874);
#1637=AXIS2_PLACEMENT_3D('',#2294,#1875,#1876);
#1638=AXIS2_PLACEMENT_3D('',#2296,#1877,#1878);
#1639=AXIS2_PLACEMENT_3D('',#2326,#1893,#1894);
#1640=AXIS2_PLACEMENT_3D('',#2332,#1898,#1899);
#1641=AXIS2_PLACEMENT_3D('',#2336,#1902,#1903);
#1642=AXIS2_PLACEMENT_3D('',#2340,#1906,#1907);
#1643=AXIS2_PLACEMENT_3D('',#2344,#1910,#1911);
#1644=AXIS2_PLACEMENT_3D('',#2348,#1914,#1915);
#1645=AXIS2_PLACEMENT_3D('',#2350,#1917,#1918);
#1646=AXIS2_PLACEMENT_3D('',#2351,#1919,#1920);
#1647=AXIS2_PLACEMENT_3D('',#2357,#1924,#1925);
#1648=AXIS2_PLACEMENT_3D('',#2361,#1928,#1929);
#1649=AXIS2_PLACEMENT_3D('',#2365,#1932,#1933);
#1650=AXIS2_PLACEMENT_3D('',#2369,#1936,#1937);
#1651=AXIS2_PLACEMENT_3D('',#2373,#1940,#1941);
#1652=AXIS2_PLACEMENT_3D('',#2377,#1944,#1945);
#1653=AXIS2_PLACEMENT_3D('',#2381,#1948,#1949);
#1654=AXIS2_PLACEMENT_3D('',#2383,#1951,#1952);
#1655=AXIS2_PLACEMENT_3D('',#2384,#1953,#1954);
#1656=AXIS2_PLACEMENT_3D('',#2385,#1955,#1956);
#1657=AXIS2_PLACEMENT_3D('',#2387,#1957,#1958);
#1658=AXIS2_PLACEMENT_3D('',#2388,#1959,#1960);
#1659=AXIS2_PLACEMENT_3D('',#2390,#1961,#1962);
#1660=AXIS2_PLACEMENT_3D('',#2391,#1963,#1964);
#1661=AXIS2_PLACEMENT_3D('',#2392,#1965,#1966);
#1662=AXIS2_PLACEMENT_3D('',#2394,#1967,#1968);
#1663=AXIS2_PLACEMENT_3D('',#2395,#1969,#1970);
#1664=AXIS2_PLACEMENT_3D('',#2397,#1971,#1972);
#1665=AXIS2_PLACEMENT_3D('',#2398,#1973,#1974);
#1666=AXIS2_PLACEMENT_3D('',#2399,#1975,#1976);
#1667=AXIS2_PLACEMENT_3D('',#2401,#1977,#1978);
#1668=AXIS2_PLACEMENT_3D('',#2402,#1979,#1980);
#1669=AXIS2_PLACEMENT_3D('',#2404,#1981,#1982);
#1670=AXIS2_PLACEMENT_3D('',#2405,#1983,#1984);
#1671=AXIS2_PLACEMENT_3D('',#2406,#1985,#1986);
#1672=AXIS2_PLACEMENT_3D('',#2408,#1987,#1988);
#1673=AXIS2_PLACEMENT_3D('',#2409,#1989,#1990);
#1674=AXIS2_PLACEMENT_3D('',#2411,#1991,#1992);
#1675=AXIS2_PLACEMENT_3D('',#2412,#1993,#1994);
#1676=AXIS2_PLACEMENT_3D('',#2418,#1998,#1999);
#1677=AXIS2_PLACEMENT_3D('',#2422,#2002,#2003);
#1678=AXIS2_PLACEMENT_3D('',#2426,#2006,#2007);
#1679=AXIS2_PLACEMENT_3D('',#2428,#2009,#2010);
#1680=AXIS2_PLACEMENT_3D('',#2429,#2011,#2012);
#1681=AXIS2_PLACEMENT_3D('',#2430,#2013,#2014);
#1682=AXIS2_PLACEMENT_3D('',#2432,#2015,#2016);
#1683=AXIS2_PLACEMENT_3D('',#2433,#2017,#2018);
#1684=AXIS2_PLACEMENT_3D('',#2435,#2019,#2020);
#1685=AXIS2_PLACEMENT_3D('',#2436,#2021,#2022);
#1686=AXIS2_PLACEMENT_3D('',#2437,#2023,#2024);
#1687=AXIS2_PLACEMENT_3D('',#2439,#2025,#2026);
#1688=AXIS2_PLACEMENT_3D('',#2440,#2027,#2028);
#1689=AXIS2_PLACEMENT_3D('',#2442,#2029,#2030);
#1690=AXIS2_PLACEMENT_3D('',#2443,#2031,#2032);
#1691=AXIS2_PLACEMENT_3D('',#2444,#2033,#2034);
#1692=AXIS2_PLACEMENT_3D('',#2453,#2039,#2040);
#1693=AXIS2_PLACEMENT_3D('',#2459,#2044,#2045);
#1694=AXIS2_PLACEMENT_3D('',#2465,#2049,#2050);
#1695=AXIS2_PLACEMENT_3D('',#2468,#2053,#2054);
#1696=AXIS2_PLACEMENT_3D('',#2477,#2059,#2060);
#1697=AXIS2_PLACEMENT_3D('',#2486,#2065,#2066);
#1698=AXIS2_PLACEMENT_3D('',#2492,#2070,#2071);
#1699=AXIS2_PLACEMENT_3D('',#2496,#2074,#2075);
#1700=AXIS2_PLACEMENT_3D('',#2500,#2078,#2079);
#1701=AXIS2_PLACEMENT_3D('',#2506,#2083,#2084);
#1702=AXIS2_PLACEMENT_3D('',#2510,#2087,#2088);
#1703=AXIS2_PLACEMENT_3D('',#2514,#2091,#2092);
#1704=AXIS2_PLACEMENT_3D('',#2516,#2094,#2095);
#1705=AXIS2_PLACEMENT_3D('',#2518,#2097,#2098);
#1706=AXIS2_PLACEMENT_3D('',#2519,#2099,#2100);
#1707=AXIS2_PLACEMENT_3D('',#2520,#2101,#2102);
#1708=AXIS2_PLACEMENT_3D('',#2529,#2107,#2108);
#1709=AXIS2_PLACEMENT_3D('',#2535,#2112,#2113);
#1710=AXIS2_PLACEMENT_3D('',#2541,#2117,#2118);
#1711=AXIS2_PLACEMENT_3D('',#2544,#2121,#2122);
#1712=AXIS2_PLACEMENT_3D('',#2545,#2123,#2124);
#1713=DIRECTION('',(0.,0.,1.));
#1714=DIRECTION('',(1.,0.,0.));
#1715=DIRECTION('',(1.85531922564364E-16,-1.,0.));
#1716=DIRECTION('',(1.,1.85531922564364E-16,0.));
#1717=DIRECTION('',(0.,0.,-1.));
#1718=DIRECTION('',(-1.,-1.85531922564364E-16,0.));
#1719=DIRECTION('',(0.,0.,-1.));
#1720=DIRECTION('',(-1.,-1.85531922564364E-16,0.));
#1721=DIRECTION('',(1.85531922564364E-16,-1.,0.));
#1722=DIRECTION('',(1.,1.85531922564364E-16,0.));
#1723=DIRECTION('',(-1.,-1.85531922564364E-16,0.));
#1724=DIRECTION('',(0.,0.,-1.));
#1725=DIRECTION('',(-1.,-1.85531922564364E-16,0.));
#1726=DIRECTION('',(0.,0.,-1.));
#1727=DIRECTION('',(1.,0.,0.));
#1728=DIRECTION('',(0.,0.,-1.));
#1729=DIRECTION('',(0.,-1.,0.));
#1730=DIRECTION('',(0.,0.,-1.));
#1731=DIRECTION('',(0.,-1.,0.));
#1732=DIRECTION('',(0.,1.,0.));
#1733=DIRECTION('',(0.,0.,1.));
#1734=DIRECTION('',(1.,0.,0.));
#1735=DIRECTION('',(0.,0.,-1.));
#1736=DIRECTION('',(1.,0.,0.));
#1737=DIRECTION('',(0.,0.,-1.));
#1738=DIRECTION('',(-1.,0.,0.));
#1739=DIRECTION('',(0.,0.,1.));
#1740=DIRECTION('',(0.,1.,0.));
#1741=DIRECTION('',(0.,0.,1.));
#1742=DIRECTION('',(0.,1.,0.));
#1743=DIRECTION('',(0.,0.,-1.));
#1744=DIRECTION('',(-1.,0.,0.));
#1745=DIRECTION('',(0.,0.,1.));
#1746=DIRECTION('',(0.,-1.,0.));
#1747=DIRECTION('',(0.,0.,1.));
#1748=DIRECTION('',(0.,-1.,0.));
#1749=DIRECTION('',(0.,0.,-1.));
#1750=DIRECTION('',(-1.,0.,0.));
#1751=DIRECTION('',(0.,0.,1.));
#1752=DIRECTION('',(0.,-1.,0.));
#1753=DIRECTION('',(0.,0.,1.));
#1754=DIRECTION('',(0.,-1.,0.));
#1755=DIRECTION('',(0.,0.,-1.));
#1756=DIRECTION('',(-1.,0.,0.));
#1757=DIRECTION('',(0.,0.,1.));
#1758=DIRECTION('',(0.,1.,0.));
#1759=DIRECTION('',(0.,0.,1.));
#1760=DIRECTION('',(0.,1.,0.));
#1761=DIRECTION('',(-1.,0.,0.));
#1762=DIRECTION('',(0.,0.,1.));
#1763=DIRECTION('',(0.,1.,0.));
#1764=DIRECTION('',(0.,1.,0.));
#1765=DIRECTION('',(0.,0.,1.));
#1766=DIRECTION('',(1.,0.,0.));
#1767=DIRECTION('',(-1.,-1.85531922564364E-16,0.));
#1768=DIRECTION('',(0.,0.,1.));
#1769=DIRECTION('',(1.,0.,0.));
#1770=DIRECTION('',(0.,0.,1.));
#1771=DIRECTION('',(1.,0.,0.));
#1772=DIRECTION('',(0.,0.,1.));
#1773=DIRECTION('',(1.,0.,0.));
#1774=DIRECTION('',(0.,1.,0.));
#1775=DIRECTION('',(1.,0.,0.));
#1776=DIRECTION('',(0.,-1.,0.));
#1777=DIRECTION('',(0.,-1.,0.));
#1778=DIRECTION('',(0.,0.,-1.));
#1779=DIRECTION('',(0.,0.,-1.));
#1780=DIRECTION('',(-1.,0.,0.));
#1781=DIRECTION('',(0.,0.,-1.));
#1782=DIRECTION('',(1.,0.,0.));
#1783=DIRECTION('',(0.,0.,-1.));
#1784=DIRECTION('',(0.,0.,-1.));
#1785=DIRECTION('',(0.,-1.,0.));
#1786=DIRECTION('',(0.,1.,0.));
#1787=DIRECTION('',(0.,0.,1.));
#1788=DIRECTION('',(0.,0.,-1.));
#1789=DIRECTION('',(1.,0.,0.));
#1790=DIRECTION('',(-1.,0.,0.));
#1791=DIRECTION('',(0.,0.,1.));
#1792=DIRECTION('',(0.,1.,0.));
#1793=DIRECTION('',(0.,0.,1.));
#1794=DIRECTION('',(1.,0.,0.));
#1795=DIRECTION('',(0.,0.,1.));
#1796=DIRECTION('',(0.,1.,0.));
#1797=DIRECTION('',(0.,0.,1.));
#1798=DIRECTION('',(0.,1.,0.));
#1799=DIRECTION('',(0.,0.,1.));
#1800=DIRECTION('',(1.,0.,0.));
#1801=DIRECTION('',(0.,0.,1.));
#1802=DIRECTION('',(1.,0.,0.));
#1803=DIRECTION('',(0.,0.,1.));
#1804=DIRECTION('',(1.,0.,0.));
#1805=DIRECTION('',(1.,0.,0.));
#1806=DIRECTION('',(0.,0.,-1.));
#1807=DIRECTION('',(0.,-1.,0.));
#1808=DIRECTION('',(0.,0.,-1.));
#1809=DIRECTION('',(0.,-1.,0.));
#1810=DIRECTION('',(0.,0.,-1.));
#1811=DIRECTION('',(0.,-1.,0.));
#1812=DIRECTION('',(0.,0.,-1.));
#1813=DIRECTION('',(-1.,0.,0.));
#1814=DIRECTION('',(-1.,0.,0.));
#1815=DIRECTION('',(0.,0.,-1.));
#1816=DIRECTION('',(-1.,0.,0.));
#1817=DIRECTION('',(0.,0.,1.));
#1818=DIRECTION('',(0.,1.,0.));
#1819=DIRECTION('',(0.,1.,0.));
#1820=DIRECTION('',(0.,0.,-1.));
#1821=DIRECTION('',(0.,1.,0.));
#1822=DIRECTION('',(0.,0.,1.));
#1823=DIRECTION('',(1.,0.,0.));
#1824=DIRECTION('',(1.,0.,0.));
#1825=DIRECTION('',(0.,0.,1.));
#1826=DIRECTION('',(1.,0.,0.));
#1827=DIRECTION('',(1.,0.,0.));
#1828=DIRECTION('',(0.,-1.,0.));
#1829=DIRECTION('',(1.,3.46944695195361E-15,0.));
#1830=DIRECTION('',(0.,-1.,0.));
#1831=DIRECTION('',(0.,-1.,0.));
#1832=DIRECTION('',(1.,1.84218422227625E-16,0.));
#1833=DIRECTION('',(0.,1.,0.));
#1834=DIRECTION('',(-1.,0.,0.));
#1835=DIRECTION('',(0.,1.,0.));
#1836=DIRECTION('',(0.,0.,1.));
#1837=DIRECTION('',(1.,0.,0.));
#1838=DIRECTION('',(0.,0.,-1.));
#1839=DIRECTION('',(0.,0.,-1.));
#1840=DIRECTION('',(1.,0.,0.));
#1841=DIRECTION('',(0.,0.,-1.));
#1842=DIRECTION('',(0.,-1.,0.));
#1843=DIRECTION('',(0.,0.,-1.));
#1844=DIRECTION('',(-3.46944695195361E-15,1.,0.));
#1845=DIRECTION('',(-1.,-3.46944695195361E-15,0.));
#1846=DIRECTION('',(1.,3.46944695195361E-15,0.));
#1847=DIRECTION('',(0.,0.,-1.));
#1848=DIRECTION('',(1.,0.,0.));
#1849=DIRECTION('',(0.,0.,-1.));
#1850=DIRECTION('',(0.,-1.,0.));
#1851=DIRECTION('',(0.,0.,1.));
#1852=DIRECTION('',(1.,0.,0.));
#1853=DIRECTION('',(0.,0.,1.));
#1854=DIRECTION('',(1.,0.,0.));
#1855=DIRECTION('',(0.,0.,1.));
#1856=DIRECTION('',(1.,0.,0.));
#1857=DIRECTION('',(0.,0.,1.));
#1858=DIRECTION('',(1.,0.,0.));
#1859=DIRECTION('',(0.,0.,1.));
#1860=DIRECTION('',(1.,0.,0.));
#1861=DIRECTION('',(0.,0.,1.));
#1862=DIRECTION('',(1.,0.,0.));
#1863=DIRECTION('',(0.,0.,1.));
#1864=DIRECTION('',(1.,0.,0.));
#1865=DIRECTION('',(0.,0.,1.));
#1866=DIRECTION('',(1.,0.,0.));
#1867=DIRECTION('',(0.,0.,1.));
#1868=DIRECTION('',(1.,0.,0.));
#1869=DIRECTION('',(0.,0.,1.));
#1870=DIRECTION('',(0.,-1.,0.));
#1871=DIRECTION('',(0.,0.,1.));
#1872=DIRECTION('',(0.,-1.,0.));
#1873=DIRECTION('',(0.,0.,1.));
#1874=DIRECTION('',(0.,-1.,0.));
#1875=DIRECTION('',(0.,0.,1.));
#1876=DIRECTION('',(0.,-1.,0.));
#1877=DIRECTION('',(0.,0.,1.));
#1878=DIRECTION('',(0.,1.,0.));
#1879=DIRECTION('',(0.,-1.,0.));
#1880=DIRECTION('',(-1.,0.,0.));
#1881=DIRECTION('',(0.,1.,0.));
#1882=DIRECTION('',(1.,0.,0.));
#1883=DIRECTION('',(0.,-1.,0.));
#1884=DIRECTION('',(-1.,0.,0.));
#1885=DIRECTION('',(0.,-1.,0.));
#1886=DIRECTION('',(1.,0.,0.));
#1887=DIRECTION('',(0.,-1.,0.));
#1888=DIRECTION('',(1.,0.,0.));
#1889=DIRECTION('',(0.,1.,0.));
#1890=DIRECTION('',(1.,0.,0.));
#1891=DIRECTION('',(0.,-1.,0.));
#1892=DIRECTION('',(-1.,0.,0.));
#1893=DIRECTION('',(1.,0.,0.));
#1894=DIRECTION('',(0.,0.,-1.));
#1895=DIRECTION('',(0.,0.,-1.));
#1896=DIRECTION('',(0.,-1.,0.));
#1897=DIRECTION('',(0.,0.,-1.));
#1898=DIRECTION('',(0.,-1.,0.));
#1899=DIRECTION('',(0.,0.,-1.));
#1900=DIRECTION('',(0.,0.,-1.));
#1901=DIRECTION('',(-1.,0.,0.));
#1902=DIRECTION('',(1.,0.,0.));
#1903=DIRECTION('',(0.,0.,-1.));
#1904=DIRECTION('',(0.,0.,-1.));
#1905=DIRECTION('',(0.,-1.,0.));
#1906=DIRECTION('',(0.,1.,0.));
#1907=DIRECTION('',(0.,0.,1.));
#1908=DIRECTION('',(0.,0.,-1.));
#1909=DIRECTION('',(1.,0.,0.));
#1910=DIRECTION('',(-1.,0.,0.));
#1911=DIRECTION('',(0.,0.,1.));
#1912=DIRECTION('',(0.,0.,-1.));
#1913=DIRECTION('',(0.,1.,0.));
#1914=DIRECTION('',(0.,1.,0.));
#1915=DIRECTION('',(0.,0.,1.));
#1916=DIRECTION('',(1.,0.,0.));
#1917=DIRECTION('',(0.,0.,1.));
#1918=DIRECTION('',(1.,0.,0.));
#1919=DIRECTION('',(1.,0.,0.));
#1920=DIRECTION('',(0.,0.,-1.));
#1921=DIRECTION('',(0.,0.,-1.));
#1922=DIRECTION('',(0.,-1.,0.));
#1923=DIRECTION('',(0.,0.,-1.));
#1924=DIRECTION('',(0.,1.,0.));
#1925=DIRECTION('',(0.,0.,1.));
#1926=DIRECTION('',(0.,0.,-1.));
#1927=DIRECTION('',(1.,0.,0.));
#1928=DIRECTION('',(1.,0.,0.));
#1929=DIRECTION('',(0.,0.,-1.));
#1930=DIRECTION('',(0.,0.,-1.));
#1931=DIRECTION('',(0.,-1.,0.));
#1932=DIRECTION('',(0.,-1.,0.));
#1933=DIRECTION('',(0.,0.,-1.));
#1934=DIRECTION('',(0.,0.,-1.));
#1935=DIRECTION('',(-1.,0.,0.));
#1936=DIRECTION('',(1.,0.,0.));
#1937=DIRECTION('',(0.,0.,-1.));
#1938=DIRECTION('',(0.,0.,-1.));
#1939=DIRECTION('',(0.,-1.,0.));
#1940=DIRECTION('',(0.,1.,0.));
#1941=DIRECTION('',(0.,0.,1.));
#1942=DIRECTION('',(0.,0.,-1.));
#1943=DIRECTION('',(1.,0.,0.));
#1944=DIRECTION('',(-1.,0.,0.));
#1945=DIRECTION('',(0.,0.,1.));
#1946=DIRECTION('',(0.,0.,-1.));
#1947=DIRECTION('',(0.,1.,0.));
#1948=DIRECTION('',(0.,-1.,0.));
#1949=DIRECTION('',(0.,0.,-1.));
#1950=DIRECTION('',(-1.,0.,0.));
#1951=DIRECTION('',(0.,0.,1.));
#1952=DIRECTION('',(1.,0.,0.));
#1953=DIRECTION('',(0.,0.,-1.));
#1954=DIRECTION('',(-1.,0.,0.));
#1955=DIRECTION('',(0.,0.,1.));
#1956=DIRECTION('',(0.,1.,0.));
#1957=DIRECTION('',(0.,0.,-1.));
#1958=DIRECTION('',(-1.,0.,0.));
#1959=DIRECTION('',(0.,0.,1.));
#1960=DIRECTION('',(0.,1.,0.));
#1961=DIRECTION('',(0.,0.,1.));
#1962=DIRECTION('',(1.,0.,0.));
#1963=DIRECTION('',(0.,0.,-1.));
#1964=DIRECTION('',(-1.,0.,0.));
#1965=DIRECTION('',(0.,0.,1.));
#1966=DIRECTION('',(0.,-1.,0.));
#1967=DIRECTION('',(0.,0.,-1.));
#1968=DIRECTION('',(-1.,0.,0.));
#1969=DIRECTION('',(0.,0.,1.));
#1970=DIRECTION('',(0.,-1.,0.));
#1971=DIRECTION('',(0.,0.,1.));
#1972=DIRECTION('',(1.,0.,0.));
#1973=DIRECTION('',(0.,0.,-1.));
#1974=DIRECTION('',(-1.,0.,0.));
#1975=DIRECTION('',(0.,0.,1.));
#1976=DIRECTION('',(0.,-1.,0.));
#1977=DIRECTION('',(0.,0.,-1.));
#1978=DIRECTION('',(-1.,0.,0.));
#1979=DIRECTION('',(0.,0.,1.));
#1980=DIRECTION('',(0.,-1.,0.));
#1981=DIRECTION('',(0.,0.,1.));
#1982=DIRECTION('',(1.,0.,0.));
#1983=DIRECTION('',(0.,0.,-1.));
#1984=DIRECTION('',(-1.,0.,0.));
#1985=DIRECTION('',(0.,0.,1.));
#1986=DIRECTION('',(0.,-1.,0.));
#1987=DIRECTION('',(0.,0.,-1.));
#1988=DIRECTION('',(-1.,0.,0.));
#1989=DIRECTION('',(0.,0.,1.));
#1990=DIRECTION('',(0.,-1.,0.));
#1991=DIRECTION('',(0.,0.,1.));
#1992=DIRECTION('',(1.,0.,0.));
#1993=DIRECTION('',(1.84218422227625E-16,-1.,0.));
#1994=DIRECTION('',(1.,1.84218422227625E-16,0.));
#1995=DIRECTION('',(0.,0.,1.));
#1996=DIRECTION('',(1.,1.84218422227625E-16,0.));
#1997=DIRECTION('',(0.,0.,1.));
#1998=DIRECTION('',(-1.,0.,0.));
#1999=DIRECTION('',(0.,0.,1.));
#2000=DIRECTION('',(0.,0.,1.));
#2001=DIRECTION('',(0.,-1.,0.));
#2002=DIRECTION('',(0.,1.,0.));
#2003=DIRECTION('',(0.,0.,1.));
#2004=DIRECTION('',(0.,0.,1.));
#2005=DIRECTION('',(-1.,0.,0.));
#2006=DIRECTION('',(1.,0.,0.));
#2007=DIRECTION('',(0.,0.,-1.));
#2008=DIRECTION('',(0.,1.,0.));
#2009=DIRECTION('',(0.,0.,1.));
#2010=DIRECTION('',(1.,0.,0.));
#2011=DIRECTION('',(0.,0.,-1.));
#2012=DIRECTION('',(-1.,0.,0.));
#2013=DIRECTION('',(0.,0.,1.));
#2014=DIRECTION('',(0.,-1.,0.));
#2015=DIRECTION('',(0.,0.,-1.));
#2016=DIRECTION('',(-1.,0.,0.));
#2017=DIRECTION('',(0.,0.,1.));
#2018=DIRECTION('',(0.,-1.,0.));
#2019=DIRECTION('',(0.,0.,1.));
#2020=DIRECTION('',(1.,0.,0.));
#2021=DIRECTION('',(0.,0.,-1.));
#2022=DIRECTION('',(-1.,0.,0.));
#2023=DIRECTION('',(0.,0.,1.));
#2024=DIRECTION('',(1.,0.,0.));
#2025=DIRECTION('',(0.,0.,-1.));
#2026=DIRECTION('',(-1.,0.,0.));
#2027=DIRECTION('',(0.,0.,1.));
#2028=DIRECTION('',(1.,0.,0.));
#2029=DIRECTION('',(0.,0.,1.));
#2030=DIRECTION('',(1.,0.,0.));
#2031=DIRECTION('',(0.,0.,1.));
#2032=DIRECTION('',(1.,0.,0.));
#2033=DIRECTION('',(1.,0.,0.));
#2034=DIRECTION('',(0.,0.,-1.));
#2035=DIRECTION('',(0.,-1.,0.));
#2036=DIRECTION('',(0.,0.,-1.));
#2037=DIRECTION('',(0.,-1.,0.));
#2038=DIRECTION('',(0.,0.,-1.));
#2039=DIRECTION('',(0.,1.,0.));
#2040=DIRECTION('',(0.,0.,1.));
#2041=DIRECTION('',(1.,0.,0.));
#2042=DIRECTION('',(0.,0.,-1.));
#2043=DIRECTION('',(1.,0.,0.));
#2044=DIRECTION('',(-1.,0.,0.));
#2045=DIRECTION('',(0.,0.,1.));
#2046=DIRECTION('',(0.,1.,0.));
#2047=DIRECTION('',(0.,0.,-1.));
#2048=DIRECTION('',(0.,1.,0.));
#2049=DIRECTION('',(0.,1.,0.));
#2050=DIRECTION('',(0.,0.,1.));
#2051=DIRECTION('',(1.,0.,0.));
#2052=DIRECTION('',(1.,0.,0.));
#2053=DIRECTION('',(0.,0.,1.));
#2054=DIRECTION('',(1.,0.,0.));
#2055=DIRECTION('',(1.,0.,0.));
#2056=DIRECTION('',(0.,1.,0.));
#2057=DIRECTION('',(1.,0.,0.));
#2058=DIRECTION('',(0.,1.,0.));
#2059=DIRECTION('',(0.,0.,1.));
#2060=DIRECTION('',(1.,0.,0.));
#2061=DIRECTION('',(0.,-1.,0.));
#2062=DIRECTION('',(1.,0.,0.));
#2063=DIRECTION('',(0.,-1.,0.));
#2064=DIRECTION('',(1.,0.,0.));
#2065=DIRECTION('',(0.,1.,0.));
#2066=DIRECTION('',(0.,0.,1.));
#2067=DIRECTION('',(0.,0.,-1.));
#2068=DIRECTION('',(0.,0.,-1.));
#2069=DIRECTION('',(1.,0.,0.));
#2070=DIRECTION('',(-1.,0.,0.));
#2071=DIRECTION('',(0.,0.,1.));
#2072=DIRECTION('',(0.,0.,-1.));
#2073=DIRECTION('',(0.,1.,0.));
#2074=DIRECTION('',(0.,1.,0.));
#2075=DIRECTION('',(0.,0.,1.));
#2076=DIRECTION('',(0.,0.,-1.));
#2077=DIRECTION('',(1.,0.,0.));
#2078=DIRECTION('',(1.,0.,0.));
#2079=DIRECTION('',(0.,0.,-1.));
#2080=DIRECTION('',(0.,0.,-1.));
#2081=DIRECTION('',(0.,-1.,0.));
#2082=DIRECTION('',(0.,0.,-1.));
#2083=DIRECTION('',(0.,1.,0.));
#2084=DIRECTION('',(0.,0.,1.));
#2085=DIRECTION('',(0.,0.,-1.));
#2086=DIRECTION('',(1.,0.,0.));
#2087=DIRECTION('',(1.,0.,0.));
#2088=DIRECTION('',(0.,0.,-1.));
#2089=DIRECTION('',(0.,0.,-1.));
#2090=DIRECTION('',(0.,-1.,0.));
#2091=DIRECTION('',(0.,1.,0.));
#2092=DIRECTION('',(0.,0.,1.));
#2093=DIRECTION('',(1.,0.,0.));
#2094=DIRECTION('',(-1.,0.,0.));
#2095=DIRECTION('',(0.,0.,1.));
#2096=DIRECTION('',(0.,1.,0.));
#2097=DIRECTION('',(0.,0.,1.));
#2098=DIRECTION('',(1.,0.,0.));
#2099=DIRECTION('',(0.,0.,1.));
#2100=DIRECTION('',(1.,0.,0.));
#2101=DIRECTION('',(2.3521674250533E-16,-1.,0.));
#2102=DIRECTION('',(1.,2.3521674250533E-16,0.));
#2103=DIRECTION('',(-1.,-2.3521674250533E-16,0.));
#2104=DIRECTION('',(0.,0.,-1.));
#2105=DIRECTION('',(-1.,-2.3521674250533E-16,0.));
#2106=DIRECTION('',(0.,0.,-1.));
#2107=DIRECTION('',(-1.,-9.37688365392869E-17,0.));
#2108=DIRECTION('',(9.37688365392869E-17,-1.,0.));
#2109=DIRECTION('',(-9.37688365392869E-17,1.,0.));
#2110=DIRECTION('',(0.,0.,-1.));
#2111=DIRECTION('',(-9.37688365392869E-17,1.,0.));
#2112=DIRECTION('',(1.17608371252665E-16,-1.,0.));
#2113=DIRECTION('',(1.,1.17608371252665E-16,0.));
#2114=DIRECTION('',(-1.,-1.17608371252665E-16,0.));
#2115=DIRECTION('',(0.,0.,-1.));
#2116=DIRECTION('',(-1.,-1.17608371252665E-16,0.));
#2117=DIRECTION('',(-1.,-1.87537673078573E-16,0.));
#2118=DIRECTION('',(1.87537673078573E-16,-1.,0.));
#2119=DIRECTION('',(-1.87537673078573E-16,1.,0.));
#2120=DIRECTION('',(-1.87537673078573E-16,1.,0.));
#2121=DIRECTION('',(0.,0.,1.));
#2122=DIRECTION('',(1.,0.,0.));
#2123=DIRECTION('',(0.,0.,1.));
#2124=DIRECTION('',(1.,0.,0.));
#2125=CARTESIAN_POINT('',(0.,0.,0.));
#2126=CARTESIAN_POINT('',(0.307303410602029,0.0363102514334682,0.002));
#2127=CARTESIAN_POINT('',(0.288603410602029,0.0363102514334682,0.005));
#2128=CARTESIAN_POINT('',(0.288603410602029,0.0363102514334682,0.002));
#2129=CARTESIAN_POINT('',(0.288603410602029,0.0363102514334682,0.));
#2130=CARTESIAN_POINT('',(0.307303410602029,0.0363102514334682,0.002));
#2131=CARTESIAN_POINT('',(0.329003410602029,0.0363102514334682,0.002));
#2132=CARTESIAN_POINT('',(0.329003410602029,0.0363102514334682,0.002));
#2133=CARTESIAN_POINT('',(0.329003410602029,0.0363102514334682,0.));
#2134=CARTESIAN_POINT('',(0.307303410602029,0.0363102514334682,0.));
#2135=CARTESIAN_POINT('',(0.307303410602029,0.0363102514334682,0.002));
#2136=CARTESIAN_POINT('',(0.307303410602029,0.0363102514334682,0.002));
#2137=CARTESIAN_POINT('',(0.26120341060203,0.0363102514334682,0.002));
#2138=CARTESIAN_POINT('',(0.21900341060203,0.0363102514334681,0.002));
#2139=CARTESIAN_POINT('',(0.26120341060203,0.0363102514334682,0.005));
#2140=CARTESIAN_POINT('',(0.26120341060203,0.0363102514334681,0.));
#2141=CARTESIAN_POINT('',(0.307303410602029,0.0363102514334682,0.));
#2142=CARTESIAN_POINT('',(0.21900341060203,0.0363102514334681,0.));
#2143=CARTESIAN_POINT('',(0.21900341060203,0.0363102514334681,0.002));
#2144=CARTESIAN_POINT('',(0.21900341060203,-0.00318974856653187,0.002));
#2145=CARTESIAN_POINT('',(0.21900341060203,-0.00318974856653187,0.));
#2146=CARTESIAN_POINT('',(0.21900341060203,-0.0426897485665318,0.));
#2147=CARTESIAN_POINT('',(0.21900341060203,-0.0426897485665318,0.002));
#2148=CARTESIAN_POINT('',(0.21900341060203,-0.0426897485665318,0.002));
#2149=CARTESIAN_POINT('',(0.21900341060203,-0.00318974856653187,0.002));
#2150=CARTESIAN_POINT('',(0.22050341060203,-0.0426897485665318,0.002));
#2151=CARTESIAN_POINT('',(0.22050341060203,-0.0426897485665318,0.));
#2152=CARTESIAN_POINT('',(0.329003410602029,-0.0426897485665318,0.));
#2153=CARTESIAN_POINT('',(0.329003410602029,-0.0426897485665318,0.002));
#2154=CARTESIAN_POINT('',(0.329003410602029,-0.0426897485665318,0.002));
#2155=CARTESIAN_POINT('',(0.22050341060203,-0.0426897485665318,0.002));
#2156=CARTESIAN_POINT('',(0.22200341060203,0.0333102514334681,0.002));
#2157=CARTESIAN_POINT('',(0.22200341060203,0.0333102514334681,0.002));
#2158=CARTESIAN_POINT('',(0.22200341060203,0.0350602514334681,0.002));
#2159=CARTESIAN_POINT('',(0.22200341060203,0.0333102514334681,0.));
#2160=CARTESIAN_POINT('',(0.22200341060203,0.0350602514334681,0.));
#2161=CARTESIAN_POINT('',(0.22200341060203,-0.0396897485665318,0.002));
#2162=CARTESIAN_POINT('',(0.22200341060203,-0.0396897485665318,0.002));
#2163=CARTESIAN_POINT('',(0.22200341060203,-0.0414397485665318,0.002));
#2164=CARTESIAN_POINT('',(0.22200341060203,-0.0396897485665318,0.));
#2165=CARTESIAN_POINT('',(0.22200341060203,-0.0414397485665318,0.));
#2166=CARTESIAN_POINT('',(0.326003410602029,-0.0396897485665318,0.002));
#2167=CARTESIAN_POINT('',(0.326003410602029,-0.0396897485665318,0.002));
#2168=CARTESIAN_POINT('',(0.326003410602029,-0.0414397485665318,0.002));
#2169=CARTESIAN_POINT('',(0.326003410602029,-0.0396897485665318,0.));
#2170=CARTESIAN_POINT('',(0.326003410602029,-0.0414397485665318,0.));
#2171=CARTESIAN_POINT('',(0.326003410602029,0.0333102514334681,0.002));
#2172=CARTESIAN_POINT('',(0.326003410602029,0.0333102514334681,0.002));
#2173=CARTESIAN_POINT('',(0.326003410602029,0.0350602514334682,0.002));
#2174=CARTESIAN_POINT('',(0.326003410602029,0.0333102514334681,0.));
#2175=CARTESIAN_POINT('',(0.326003410602029,0.0350602514334682,0.));
#2176=CARTESIAN_POINT('',(0.329003410602029,-0.00318974856653187,0.002));
#2177=CARTESIAN_POINT('',(0.329003410602029,-0.00318974856653187,0.));
#2178=CARTESIAN_POINT('',(0.329003410602029,-0.00318974856653187,0.002));
#2179=CARTESIAN_POINT('',(0.274003410602029,0.00636025143346809,0.002));
#2180=CARTESIAN_POINT('',(0.307303410602029,0.0363102514334682,0.002));
#2181=CARTESIAN_POINT('',(0.274003410602029,0.00636025143346809,0.));
#2182=CARTESIAN_POINT('',(0.26220341060203,0.0544102514334682,0.));
#2183=CARTESIAN_POINT('',(0.262953410602029,0.0544102514334682,0.));
#2184=CARTESIAN_POINT('',(0.287603410602029,0.0544102514334682,0.));
#2185=CARTESIAN_POINT('',(0.288353410602029,0.0544102514334682,0.));
#2186=CARTESIAN_POINT('',(0.26120341060203,0.0458602514334681,0.));
#2187=CARTESIAN_POINT('',(0.26120341060203,0.0554102514334681,0.));
#2188=CARTESIAN_POINT('',(0.274903410602029,0.0554102514334681,0.));
#2189=CARTESIAN_POINT('',(0.288603410602029,0.0554102514334681,0.));
#2190=CARTESIAN_POINT('',(0.288603410602029,0.0458602514334681,0.));
#2191=CARTESIAN_POINT('',(0.274903410602029,0.0363102514334682,0.005));
#2192=CARTESIAN_POINT('',(0.288603410602029,0.0363102514334682,0.005));
#2193=CARTESIAN_POINT('',(0.288603410602029,0.0363102514334682,0.005));
#2194=CARTESIAN_POINT('',(0.274903410602029,0.0363102514334682,0.005));
#2195=CARTESIAN_POINT('',(0.26120341060203,0.0363102514334682,0.005));
#2196=CARTESIAN_POINT('',(0.26120341060203,0.0363102514334682,0.005));
#2197=CARTESIAN_POINT('',(0.288603410602029,0.0458602514334681,0.005));
#2198=CARTESIAN_POINT('',(0.288603410602029,0.0554102514334681,0.005));
#2199=CARTESIAN_POINT('',(0.288603410602029,0.0554102514334681,0.005));
#2200=CARTESIAN_POINT('',(0.288603410602029,0.0458602514334681,0.005));
#2201=CARTESIAN_POINT('',(0.274903410602029,0.0554102514334681,0.005));
#2202=CARTESIAN_POINT('',(0.26120341060203,0.0554102514334681,0.005));
#2203=CARTESIAN_POINT('',(0.26120341060203,0.0554102514334681,0.005));
#2204=CARTESIAN_POINT('',(0.274903410602029,0.0554102514334681,0.005));
#2205=CARTESIAN_POINT('',(0.26120341060203,0.0458602514334681,0.005));
#2206=CARTESIAN_POINT('',(0.26120341060203,0.0458602514334681,0.005));
#2207=CARTESIAN_POINT('',(0.274003410602029,0.00636025143346809,0.005));
#2208=CARTESIAN_POINT('',(0.26220341060203,0.0544102514334682,0.005));
#2209=CARTESIAN_POINT('',(0.26220341060203,0.0551602514334682,0.005));
#2210=CARTESIAN_POINT('',(0.287603410602029,0.0544102514334682,0.005));
#2211=CARTESIAN_POINT('',(0.287603410602029,0.0551602514334682,0.005));
#2212=CARTESIAN_POINT('',(0.287603410602029,0.0544102514334682,-0.02));
#2213=CARTESIAN_POINT('',(0.26220341060203,0.0544102514334682,-0.02));
#2214=CARTESIAN_POINT('',(0.,0.,0.));
#2215=CARTESIAN_POINT('',(0.192129347801208,0.00549718663096428,0.02));
#2216=CARTESIAN_POINT('',(0.192129347801208,0.00549718663096428,0.019));
#2217=CARTESIAN_POINT('',(0.192129347801208,0.0579677711725235,0.019));
#2218=CARTESIAN_POINT('',(0.192129347801208,-0.0425028133690357,0.019));
#2219=CARTESIAN_POINT('',(0.192129347801208,0.0579677711725235,0.02));
#2220=CARTESIAN_POINT('',(0.192129347801208,0.0579677711725235,0.002));
#2221=CARTESIAN_POINT('',(0.192129347801208,0.00549718663096428,0.002));
#2222=CARTESIAN_POINT('',(0.192129347801208,-0.0425028133690357,0.002));
#2223=CARTESIAN_POINT('',(0.192129347801208,-0.0425028133690357,0.02));
#2224=CARTESIAN_POINT('',(0.136629347801208,-0.0425028133690357,0.02));
#2225=CARTESIAN_POINT('',(0.136629347801208,-0.0425028133690357,0.019));
#2226=CARTESIAN_POINT('',(0.0811293478012084,-0.0425028133690357,0.019));
#2227=CARTESIAN_POINT('',(0.136629347801208,-0.0425028133690357,0.002));
#2228=CARTESIAN_POINT('',(0.0811293478012084,-0.0425028133690357,0.002));
#2229=CARTESIAN_POINT('',(0.0811293478012084,-0.0425028133690357,0.02));
#2230=CARTESIAN_POINT('',(0.0811293478012084,0.00549718663096428,0.02));
#2231=CARTESIAN_POINT('',(0.0811293478012084,0.00549718663096428,0.019));
#2232=CARTESIAN_POINT('',(0.0811293478012084,0.0579677711725235,0.019));
#2233=CARTESIAN_POINT('',(0.0811293478012084,0.0567324789017439,0.002));
#2234=CARTESIAN_POINT('',(0.0811293478012084,0.0579677711725235,0.002));
#2235=CARTESIAN_POINT('',(0.0811293478012084,0.0579677711725235,0.02));
#2236=CARTESIAN_POINT('',(0.136629347801208,0.0579677711725235,0.02));
#2237=CARTESIAN_POINT('',(0.136629347801208,0.0579677711725235,0.019));
#2238=CARTESIAN_POINT('',(0.136629347801208,0.0579677711725235,0.002));
#2239=CARTESIAN_POINT('',(0.183866050208575,0.00773247890174389,0.02));
#2240=CARTESIAN_POINT('',(0.136629347801208,-0.0445028133690357,0.02));
#2241=CARTESIAN_POINT('',(0.0791293478012084,-0.0445028133690357,0.02));
#2242=CARTESIAN_POINT('',(0.194129347801208,-0.0445028133690357,0.02));
#2243=CARTESIAN_POINT('',(0.194129347801208,0.00449718663096428,0.02));
#2244=CARTESIAN_POINT('',(0.194129347801208,0.0599677711725235,0.02));
#2245=CARTESIAN_POINT('',(0.0801293478012084,0.0599677711725235,0.02));
#2246=CARTESIAN_POINT('',(0.0791293478012084,0.0599677711725235,0.02));
#2247=CARTESIAN_POINT('',(0.0791293478012084,0.00523247890174389,0.02));
#2248=CARTESIAN_POINT('',(0.0801293478012084,0.0333501250371337,0.02));
#2249=CARTESIAN_POINT('',(0.0801293478012084,0.0589677711725235,0.02));
#2250=CARTESIAN_POINT('',(0.0801293478012084,-0.0435028133690357,0.02));
#2251=CARTESIAN_POINT('',(0.136629347801208,0.0589677711725235,0.02));
#2252=CARTESIAN_POINT('',(0.193129347801208,0.0589677711725235,0.02));
#2253=CARTESIAN_POINT('',(0.193129347801208,-0.0178851672336459,0.02));
#2254=CARTESIAN_POINT('',(0.193129347801208,-0.0435028133690357,0.02));
#2255=CARTESIAN_POINT('',(0.136629347801208,-0.0435028133690357,0.02));
#2256=CARTESIAN_POINT('',(0.136629347801208,-0.0445028133690357,0.02));
#2257=CARTESIAN_POINT('',(0.136629347801208,-0.0445028133690357,0.));
#2258=CARTESIAN_POINT('',(0.0791293478012084,-0.0445028133690357,0.));
#2259=CARTESIAN_POINT('',(0.194129347801208,-0.0445028133690357,0.));
#2260=CARTESIAN_POINT('',(0.194129347801208,-0.0445028133690357,0.02));
#2261=CARTESIAN_POINT('',(0.0791293478012084,-0.0445028133690357,0.02));
#2262=CARTESIAN_POINT('',(0.194129347801208,0.00449718663096428,0.02));
#2263=CARTESIAN_POINT('',(0.194129347801208,0.00449718663096428,0.));
#2264=CARTESIAN_POINT('',(0.194129347801208,0.0599677711725235,0.));
#2265=CARTESIAN_POINT('',(0.194129347801208,0.0599677711725235,0.02));
#2266=CARTESIAN_POINT('',(0.0801293478012084,0.0599677711725235,0.02));
#2267=CARTESIAN_POINT('',(0.0801293478012084,0.0599677711725235,0.));
#2268=CARTESIAN_POINT('',(0.0791293478012084,0.0599677711725235,0.));
#2269=CARTESIAN_POINT('',(0.0791293478012084,0.0599677711725235,0.02));
#2270=CARTESIAN_POINT('',(0.0791293478012084,0.00523247890174389,0.02));
#2271=CARTESIAN_POINT('',(0.0791293478012084,0.00523247890174389,0.));
#2272=CARTESIAN_POINT('',(0.183866050208575,0.00773247890174389,0.));
#2273=CARTESIAN_POINT('',(0.148429347801208,0.0555971866309643,0.));
#2274=CARTESIAN_POINT('',(0.149179347801208,0.0555971866309643,0.));
#2275=CARTESIAN_POINT('',(0.123029347801208,0.0555971866309643,0.));
#2276=CARTESIAN_POINT('',(0.123779347801208,0.0555971866309643,0.));
#2277=CARTESIAN_POINT('',(0.0846293478012084,0.0344971866309643,0.));
#2278=CARTESIAN_POINT('',(0.0863793478012084,0.0344971866309643,0.));
#2279=CARTESIAN_POINT('',(0.188629347801209,0.0344971866309643,0.));
#2280=CARTESIAN_POINT('',(0.190379347801209,0.0344971866309643,0.));
#2281=CARTESIAN_POINT('',(0.188629347801209,-0.0385028133690357,0.));
#2282=CARTESIAN_POINT('',(0.190379347801209,-0.0385028133690357,0.));
#2283=CARTESIAN_POINT('',(0.0846293478012084,-0.0385028133690357,0.));
#2284=CARTESIAN_POINT('',(0.0863793478012084,-0.0385028133690357,0.));
#2285=CARTESIAN_POINT('',(0.183866050208575,0.00773247890174389,0.002));
#2286=CARTESIAN_POINT('',(0.123029347801208,0.0555971866309643,0.002));
#2287=CARTESIAN_POINT('',(0.124529347801208,0.0555971866309643,0.002));
#2288=CARTESIAN_POINT('',(0.148429347801208,0.0555971866309643,0.002));
#2289=CARTESIAN_POINT('',(0.148429347801208,0.0540971866309643,0.002));
#2290=CARTESIAN_POINT('',(0.188629347801209,-0.0385028133690357,0.002));
#2291=CARTESIAN_POINT('',(0.188629347801209,-0.0405028133690357,0.002));
#2292=CARTESIAN_POINT('',(0.0846293478012084,0.0344971866309643,0.002));
#2293=CARTESIAN_POINT('',(0.0846293478012084,0.0324971866309643,0.002));
#2294=CARTESIAN_POINT('',(0.188629347801209,0.0344971866309643,0.002));
#2295=CARTESIAN_POINT('',(0.188629347801209,0.0324971866309643,0.002));
#2296=CARTESIAN_POINT('',(0.0846293478012084,-0.0385028133690357,0.002));
#2297=CARTESIAN_POINT('',(0.0846293478012084,-0.0365028133690357,0.002));
#2298=CARTESIAN_POINT('',(0.116424197193467,0.0290716103540172,0.002));
#2299=CARTESIAN_POINT('',(0.116424197193467,0.0300716103540172,0.002));
#2300=CARTESIAN_POINT('',(0.116424197193467,0.0280716103540172,0.002));
#2301=CARTESIAN_POINT('',(0.115924197193467,0.0280716103540172,0.002));
#2302=CARTESIAN_POINT('',(0.115424197193467,0.0280716103540172,0.002));
#2303=CARTESIAN_POINT('',(0.115424197193467,0.0295716103540172,0.002));
#2304=CARTESIAN_POINT('',(0.115424197193467,0.0310716103540172,0.002));
#2305=CARTESIAN_POINT('',(0.134924197193467,0.0310716103540172,0.002));
#2306=CARTESIAN_POINT('',(0.154424197193467,0.0310716103540172,0.002));
#2307=CARTESIAN_POINT('',(0.154424197193467,0.0295716103540172,0.002));
#2308=CARTESIAN_POINT('',(0.154424197193467,0.0280716103540172,0.002));
#2309=CARTESIAN_POINT('',(0.153924197193467,0.0280716103540172,0.002));
#2310=CARTESIAN_POINT('',(0.153424197193467,0.0280716103540172,0.002));
#2311=CARTESIAN_POINT('',(0.153424197193467,0.0290716103540172,0.002));
#2312=CARTESIAN_POINT('',(0.153424197193467,0.0300716103540172,0.002));
#2313=CARTESIAN_POINT('',(0.134924197193467,0.0300716103540172,0.002));
#2314=CARTESIAN_POINT('',(0.116424197193467,-0.0279283896459827,0.002));
#2315=CARTESIAN_POINT('',(0.116424197193467,-0.0269283896459828,0.002));
#2316=CARTESIAN_POINT('',(0.116424197193467,-0.0289283896459827,0.002));
#2317=CARTESIAN_POINT('',(0.134424197193467,-0.0289283896459827,0.002));
#2318=CARTESIAN_POINT('',(0.152424197193467,-0.0289283896459827,0.002));
#2319=CARTESIAN_POINT('',(0.152424197193467,-0.0294283896459827,0.002));
#2320=CARTESIAN_POINT('',(0.152424197193467,-0.0299283896459827,0.002));
#2321=CARTESIAN_POINT('',(0.133924197193467,-0.0299283896459827,0.002));
#2322=CARTESIAN_POINT('',(0.115424197193467,-0.0299283896459827,0.002));
#2323=CARTESIAN_POINT('',(0.115424197193467,-0.0284283896459827,0.002));
#2324=CARTESIAN_POINT('',(0.115424197193467,-0.0269283896459828,0.002));
#2325=CARTESIAN_POINT('',(0.115924197193467,-0.0269283896459828,0.002));
#2326=CARTESIAN_POINT('',(0.116424197193467,-0.0279283896459827,0.012));
#2327=CARTESIAN_POINT('',(0.116424197193467,-0.0269283896459828,0.012));
#2328=CARTESIAN_POINT('',(0.116424197193467,-0.0269283896459828,0.012));
#2329=CARTESIAN_POINT('',(0.116424197193467,-0.0279283896459827,0.012));
#2330=CARTESIAN_POINT('',(0.116424197193467,-0.0289283896459827,0.012));
#2331=CARTESIAN_POINT('',(0.116424197193467,-0.0289283896459827,0.012));
#2332=CARTESIAN_POINT('',(0.115924197193467,-0.0269283896459828,0.012));
#2333=CARTESIAN_POINT('',(0.115424197193467,-0.0269283896459828,0.012));
#2334=CARTESIAN_POINT('',(0.115424197193467,-0.0269283896459828,0.012));
#2335=CARTESIAN_POINT('',(0.115924197193467,-0.0269283896459828,0.012));
#2336=CARTESIAN_POINT('',(0.115424197193467,-0.0284283896459827,0.012));
#2337=CARTESIAN_POINT('',(0.115424197193467,-0.0299283896459827,0.012));
#2338=CARTESIAN_POINT('',(0.115424197193467,-0.0299283896459827,0.012));
#2339=CARTESIAN_POINT('',(0.115424197193467,-0.0284283896459827,0.012));
#2340=CARTESIAN_POINT('',(0.133924197193467,-0.0299283896459827,0.012));
#2341=CARTESIAN_POINT('',(0.152424197193467,-0.0299283896459827,0.012));
#2342=CARTESIAN_POINT('',(0.152424197193467,-0.0299283896459827,0.012));
#2343=CARTESIAN_POINT('',(0.133924197193467,-0.0299283896459827,0.012));
#2344=CARTESIAN_POINT('',(0.152424197193467,-0.0294283896459827,0.012));
#2345=CARTESIAN_POINT('',(0.152424197193467,-0.0289283896459827,0.012));
#2346=CARTESIAN_POINT('',(0.152424197193467,-0.0289283896459827,0.012));
#2347=CARTESIAN_POINT('',(0.152424197193467,-0.0294283896459827,0.012));
#2348=CARTESIAN_POINT('',(0.134424197193467,-0.0289283896459827,0.012));
#2349=CARTESIAN_POINT('',(0.134424197193467,-0.0289283896459827,0.012));
#2350=CARTESIAN_POINT('',(0.136629347801208,0.00773247890174389,0.012));
#2351=CARTESIAN_POINT('',(0.116424197193467,0.0290716103540172,0.012));
#2352=CARTESIAN_POINT('',(0.116424197193467,0.0300716103540172,0.012));
#2353=CARTESIAN_POINT('',(0.116424197193467,0.0300716103540172,0.012));
#2354=CARTESIAN_POINT('',(0.116424197193467,0.0290716103540172,0.012));
#2355=CARTESIAN_POINT('',(0.116424197193467,0.0280716103540172,0.012));
#2356=CARTESIAN_POINT('',(0.116424197193467,0.0280716103540172,0.012));
#2357=CARTESIAN_POINT('',(0.134924197193467,0.0300716103540172,0.012));
#2358=CARTESIAN_POINT('',(0.153424197193467,0.0300716103540172,0.012));
#2359=CARTESIAN_POINT('',(0.153424197193467,0.0300716103540172,0.012));
#2360=CARTESIAN_POINT('',(0.134924197193467,0.0300716103540172,0.012));
#2361=CARTESIAN_POINT('',(0.153424197193467,0.0290716103540172,0.012));
#2362=CARTESIAN_POINT('',(0.153424197193467,0.0280716103540172,0.012));
#2363=CARTESIAN_POINT('',(0.153424197193467,0.0280716103540172,0.012));
#2364=CARTESIAN_POINT('',(0.153424197193467,0.0290716103540172,0.012));
#2365=CARTESIAN_POINT('',(0.153924197193467,0.0280716103540172,0.012));
#2366=CARTESIAN_POINT('',(0.154424197193467,0.0280716103540172,0.012));
#2367=CARTESIAN_POINT('',(0.154424197193467,0.0280716103540172,0.012));
#2368=CARTESIAN_POINT('',(0.153924197193467,0.0280716103540172,0.012));
#2369=CARTESIAN_POINT('',(0.154424197193467,0.0295716103540172,0.012));
#2370=CARTESIAN_POINT('',(0.154424197193467,0.0310716103540172,0.012));
#2371=CARTESIAN_POINT('',(0.154424197193467,0.0310716103540172,0.012));
#2372=CARTESIAN_POINT('',(0.154424197193467,0.0295716103540172,0.012));
#2373=CARTESIAN_POINT('',(0.134924197193467,0.0310716103540172,0.012));
#2374=CARTESIAN_POINT('',(0.115424197193467,0.0310716103540172,0.012));
#2375=CARTESIAN_POINT('',(0.115424197193467,0.0310716103540172,0.012));
#2376=CARTESIAN_POINT('',(0.134924197193467,0.0310716103540172,0.012));
#2377=CARTESIAN_POINT('',(0.115424197193467,0.0295716103540172,0.012));
#2378=CARTESIAN_POINT('',(0.115424197193467,0.0280716103540172,0.012));
#2379=CARTESIAN_POINT('',(0.115424197193467,0.0280716103540172,0.012));
#2380=CARTESIAN_POINT('',(0.115424197193467,0.0295716103540172,0.012));
#2381=CARTESIAN_POINT('',(0.115924197193467,0.0280716103540172,0.012));
#2382=CARTESIAN_POINT('',(0.115924197193467,0.0280716103540172,0.012));
#2383=CARTESIAN_POINT('',(0.136629347801208,0.00773247890174389,0.012));
#2384=CARTESIAN_POINT('',(0.0846293478012084,-0.0385028133690357,0.014));
#2385=CARTESIAN_POINT('',(0.0846293478012084,-0.0385028133690357,0.014));
#2386=CARTESIAN_POINT('',(0.0846293478012084,-0.0365028133690357,0.014));
#2387=CARTESIAN_POINT('',(0.0846293478012084,-0.0385028133690357,0.014));
#2388=CARTESIAN_POINT('',(0.0846293478012084,-0.0385028133690357,0.014));
#2389=CARTESIAN_POINT('',(0.0846293478012084,-0.0367528133690357,0.014));
#2390=CARTESIAN_POINT('',(0.136629347801208,0.00773247890174389,0.014));
#2391=CARTESIAN_POINT('',(0.188629347801209,0.0344971866309643,0.014));
#2392=CARTESIAN_POINT('',(0.188629347801209,0.0344971866309643,0.014));
#2393=CARTESIAN_POINT('',(0.188629347801209,0.0327471866309643,0.014));
#2394=CARTESIAN_POINT('',(0.188629347801209,0.0344971866309643,0.014));
#2395=CARTESIAN_POINT('',(0.188629347801209,0.0344971866309643,0.014));
#2396=CARTESIAN_POINT('',(0.188629347801209,0.0324971866309643,0.014));
#2397=CARTESIAN_POINT('',(0.136629347801208,0.00773247890174389,0.014));
#2398=CARTESIAN_POINT('',(0.0846293478012084,0.0344971866309643,0.014));
#2399=CARTESIAN_POINT('',(0.0846293478012084,0.0344971866309643,0.014));
#2400=CARTESIAN_POINT('',(0.0846293478012084,0.0327471866309643,0.014));
#2401=CARTESIAN_POINT('',(0.0846293478012084,0.0344971866309643,0.014));
#2402=CARTESIAN_POINT('',(0.0846293478012084,0.0344971866309643,0.014));
#2403=CARTESIAN_POINT('',(0.0846293478012084,0.0324971866309643,0.014));
#2404=CARTESIAN_POINT('',(0.136629347801208,0.00773247890174389,0.014));
#2405=CARTESIAN_POINT('',(0.188629347801209,-0.0385028133690357,0.014));
#2406=CARTESIAN_POINT('',(0.188629347801209,-0.0385028133690357,0.014));
#2407=CARTESIAN_POINT('',(0.188629347801209,-0.0402528133690357,0.014));
#2408=CARTESIAN_POINT('',(0.188629347801209,-0.0385028133690357,0.014));
#2409=CARTESIAN_POINT('',(0.188629347801209,-0.0385028133690357,0.014));
#2410=CARTESIAN_POINT('',(0.188629347801209,-0.0405028133690357,0.014));
#2411=CARTESIAN_POINT('',(0.136629347801208,0.00773247890174389,0.014));
#2412=CARTESIAN_POINT('',(0.136629347801208,0.0589677711725235,0.019));
#2413=CARTESIAN_POINT('',(0.0801293478012084,0.0589677711725235,0.019));
#2414=CARTESIAN_POINT('',(0.0801293478012084,0.0589677711725235,0.019));
#2415=CARTESIAN_POINT('',(0.136629347801208,0.0589677711725235,0.019));
#2416=CARTESIAN_POINT('',(0.193129347801208,0.0589677711725235,0.019));
#2417=CARTESIAN_POINT('',(0.193129347801208,0.0589677711725235,0.019));
#2418=CARTESIAN_POINT('',(0.0801293478012084,0.0333501250371337,0.019));
#2419=CARTESIAN_POINT('',(0.0801293478012084,-0.0435028133690357,0.019));
#2420=CARTESIAN_POINT('',(0.0801293478012084,-0.0435028133690357,0.019));
#2421=CARTESIAN_POINT('',(0.0801293478012084,0.0333501250371337,0.019));
#2422=CARTESIAN_POINT('',(0.136629347801208,-0.0435028133690357,0.019));
#2423=CARTESIAN_POINT('',(0.193129347801208,-0.0435028133690357,0.019));
#2424=CARTESIAN_POINT('',(0.193129347801208,-0.0435028133690357,0.019));
#2425=CARTESIAN_POINT('',(0.136629347801208,-0.0435028133690357,0.019));
#2426=CARTESIAN_POINT('',(0.193129347801208,-0.0178851672336459,0.019));
#2427=CARTESIAN_POINT('',(0.193129347801208,-0.0178851672336459,0.019));
#2428=CARTESIAN_POINT('',(0.136629347801208,0.0077324789017439,0.019));
#2429=CARTESIAN_POINT('',(0.148429347801208,0.0555971866309643,0.006));
#2430=CARTESIAN_POINT('',(0.148429347801208,0.0555971866309643,0.006));
#2431=CARTESIAN_POINT('',(0.148429347801208,0.0548471866309643,0.006));
#2432=CARTESIAN_POINT('',(0.148429347801208,0.0555971866309643,0.006));
#2433=CARTESIAN_POINT('',(0.148429347801208,0.0555971866309643,0.006));
#2434=CARTESIAN_POINT('',(0.148429347801208,0.0540971866309643,0.006));
#2435=CARTESIAN_POINT('',(0.136629347801208,0.00773247890174389,0.006));
#2436=CARTESIAN_POINT('',(0.123029347801208,0.0555971866309643,0.006));
#2437=CARTESIAN_POINT('',(0.123029347801208,0.0555971866309643,0.006));
#2438=CARTESIAN_POINT('',(0.123779347801208,0.0555971866309643,0.006));
#2439=CARTESIAN_POINT('',(0.123029347801208,0.0555971866309643,0.006));
#2440=CARTESIAN_POINT('',(0.123029347801208,0.0555971866309643,0.006));
#2441=CARTESIAN_POINT('',(0.124529347801208,0.0555971866309643,0.006));
#2442=CARTESIAN_POINT('',(0.136629347801208,0.00773247890174389,0.006));
#2443=CARTESIAN_POINT('',(0.,0.,0.));
#2444=CARTESIAN_POINT('',(0.269025253723009,-0.110544024081922,0.001));
#2445=CARTESIAN_POINT('',(0.269025253723009,-0.110544024081922,0.));
#2446=CARTESIAN_POINT('',(0.269025253723009,-0.0844265240819222,0.));
#2447=CARTESIAN_POINT('',(0.269025253723009,-0.188896524081922,0.));
#2448=CARTESIAN_POINT('',(0.269025253723009,-0.0844265240819222,0.001));
#2449=CARTESIAN_POINT('',(0.269025253723009,-0.0844265240819222,0.001));
#2450=CARTESIAN_POINT('',(0.269025253723009,-0.110544024081922,0.001));
#2451=CARTESIAN_POINT('',(0.269025253723009,-0.188896524081922,0.001));
#2452=CARTESIAN_POINT('',(0.269025253723009,-0.188896524081922,0.001));
#2453=CARTESIAN_POINT('',(0.182775253723009,-0.0844265240819222,0.001));
#2454=CARTESIAN_POINT('',(0.182775253723009,-0.0844265240819222,0.));
#2455=CARTESIAN_POINT('',(0.154025253723009,-0.0844265240819222,0.));
#2456=CARTESIAN_POINT('',(0.154025253723009,-0.0844265240819222,0.001));
#2457=CARTESIAN_POINT('',(0.154025253723009,-0.0844265240819222,0.001));
#2458=CARTESIAN_POINT('',(0.182775253723009,-0.0844265240819222,0.001));
#2459=CARTESIAN_POINT('',(0.154025253723009,-0.110544024081922,0.001));
#2460=CARTESIAN_POINT('',(0.154025253723009,-0.110544024081922,0.));
#2461=CARTESIAN_POINT('',(0.154025253723009,-0.188896524081922,0.));
#2462=CARTESIAN_POINT('',(0.154025253723009,-0.188896524081922,0.001));
#2463=CARTESIAN_POINT('',(0.154025253723009,-0.188896524081922,0.001));
#2464=CARTESIAN_POINT('',(0.154025253723009,-0.110544024081922,0.001));
#2465=CARTESIAN_POINT('',(0.182775253723009,-0.188896524081922,0.001));
#2466=CARTESIAN_POINT('',(0.182775253723009,-0.188896524081922,0.));
#2467=CARTESIAN_POINT('',(0.182775253723009,-0.188896524081922,0.001));
#2468=CARTESIAN_POINT('',(0.211525253723009,-0.136661524081922,0.001));
#2469=CARTESIAN_POINT('',(0.183275253723009,-0.0854265240819222,0.001));
#2470=CARTESIAN_POINT('',(0.155025253723009,-0.0854265240819222,0.001));
#2471=CARTESIAN_POINT('',(0.268025253723009,-0.0854265240819222,0.001));
#2472=CARTESIAN_POINT('',(0.268025253723009,-0.0856115240819222,0.001));
#2473=CARTESIAN_POINT('',(0.268025253723009,-0.187896524081922,0.001));
#2474=CARTESIAN_POINT('',(0.183275253723009,-0.187896524081922,0.001));
#2475=CARTESIAN_POINT('',(0.155025253723009,-0.187896524081922,0.001));
#2476=CARTESIAN_POINT('',(0.155025253723009,-0.0856115240819222,0.001));
#2477=CARTESIAN_POINT('',(0.211525253723009,-0.136661524081922,0.));
#2478=CARTESIAN_POINT('',(0.197225253723009,-0.0953465240819222,0.));
#2479=CARTESIAN_POINT('',(0.197225253723009,-0.0857965240819222,0.));
#2480=CARTESIAN_POINT('',(0.197225253723009,-0.104896524081922,0.));
#2481=CARTESIAN_POINT('',(0.210925253723009,-0.104896524081922,0.));
#2482=CARTESIAN_POINT('',(0.224625253723009,-0.104896524081922,0.));
#2483=CARTESIAN_POINT('',(0.224625253723009,-0.0953465240819222,0.));
#2484=CARTESIAN_POINT('',(0.224625253723009,-0.0857965240819222,0.));
#2485=CARTESIAN_POINT('',(0.210925253723009,-0.0857965240819222,0.));
#2486=CARTESIAN_POINT('',(0.183275253723009,-0.0854265240819222,0.002));
#2487=CARTESIAN_POINT('',(0.268025253723009,-0.0854265240819222,0.002));
#2488=CARTESIAN_POINT('',(0.268025253723009,-0.0854265240819222,0.002));
#2489=CARTESIAN_POINT('',(0.155025253723009,-0.0854265240819222,0.002));
#2490=CARTESIAN_POINT('',(0.155025253723009,-0.0854265240819222,0.002));
#2491=CARTESIAN_POINT('',(0.183275253723009,-0.0854265240819222,0.002));
#2492=CARTESIAN_POINT('',(0.155025253723009,-0.0856115240819222,0.002));
#2493=CARTESIAN_POINT('',(0.155025253723009,-0.187896524081922,0.002));
#2494=CARTESIAN_POINT('',(0.155025253723009,-0.187896524081922,0.002));
#2495=CARTESIAN_POINT('',(0.155025253723009,-0.0856115240819222,0.002));
#2496=CARTESIAN_POINT('',(0.183275253723009,-0.187896524081922,0.002));
#2497=CARTESIAN_POINT('',(0.268025253723009,-0.187896524081922,0.002));
#2498=CARTESIAN_POINT('',(0.268025253723009,-0.187896524081922,0.002));
#2499=CARTESIAN_POINT('',(0.183275253723009,-0.187896524081922,0.002));
#2500=CARTESIAN_POINT('',(0.197225253723009,-0.0953465240819222,0.002));
#2501=CARTESIAN_POINT('',(0.197225253723009,-0.0857965240819222,0.002));
#2502=CARTESIAN_POINT('',(0.197225253723009,-0.0857965240819222,0.002));
#2503=CARTESIAN_POINT('',(0.197225253723009,-0.0953465240819222,0.002));
#2504=CARTESIAN_POINT('',(0.197225253723009,-0.104896524081922,0.002));
#2505=CARTESIAN_POINT('',(0.197225253723009,-0.104896524081922,0.002));
#2506=CARTESIAN_POINT('',(0.210925253723009,-0.0857965240819222,0.002));
#2507=CARTESIAN_POINT('',(0.224625253723009,-0.0857965240819222,0.002));
#2508=CARTESIAN_POINT('',(0.224625253723009,-0.0857965240819222,0.002));
#2509=CARTESIAN_POINT('',(0.210925253723009,-0.0857965240819222,0.002));
#2510=CARTESIAN_POINT('',(0.224625253723009,-0.0953465240819222,0.002));
#2511=CARTESIAN_POINT('',(0.224625253723009,-0.104896524081922,0.002));
#2512=CARTESIAN_POINT('',(0.224625253723009,-0.104896524081922,0.002));
#2513=CARTESIAN_POINT('',(0.224625253723009,-0.0953465240819222,0.002));
#2514=CARTESIAN_POINT('',(0.210925253723009,-0.104896524081922,0.002));
#2515=CARTESIAN_POINT('',(0.210925253723009,-0.104896524081922,0.002));
#2516=CARTESIAN_POINT('',(0.268025253723009,-0.0856115240819222,0.002));
#2517=CARTESIAN_POINT('',(0.268025253723009,-0.0856115240819222,0.002));
#2518=CARTESIAN_POINT('',(0.211525253723009,-0.136661524081922,0.002));
#2519=CARTESIAN_POINT('',(0.,0.,0.));
#2520=CARTESIAN_POINT('',(-0.00292295421659922,-0.0706525370478629,0.009));
#2521=CARTESIAN_POINT('',(-0.00292295421659922,-0.0706525370478629,0.));
#2522=CARTESIAN_POINT('',(0.0265770457834008,-0.0706525370478629,0.));
#2523=CARTESIAN_POINT('',(-0.0324229542165992,-0.0706525370478629,0.));
#2524=CARTESIAN_POINT('',(0.0265770457834008,-0.0706525370478629,0.009));
#2525=CARTESIAN_POINT('',(0.0265770457834008,-0.0706525370478629,0.009));
#2526=CARTESIAN_POINT('',(-0.00292295421659922,-0.0706525370478629,0.009));
#2527=CARTESIAN_POINT('',(-0.0324229542165992,-0.0706525370478629,0.009));
#2528=CARTESIAN_POINT('',(-0.0324229542165992,-0.0706525370478629,0.009));
#2529=CARTESIAN_POINT('',(0.0265770457834008,-0.0521525370478629,0.009));
#2530=CARTESIAN_POINT('',(0.0265770457834008,-0.0521525370478629,0.));
#2531=CARTESIAN_POINT('',(0.0265770457834008,-0.0336525370478629,0.));
#2532=CARTESIAN_POINT('',(0.0265770457834008,-0.0336525370478629,0.009));
#2533=CARTESIAN_POINT('',(0.0265770457834008,-0.0336525370478629,0.009));
#2534=CARTESIAN_POINT('',(0.0265770457834008,-0.0521525370478629,0.009));
#2535=CARTESIAN_POINT('',(-0.00292295421659923,-0.0336525370478629,0.009));
#2536=CARTESIAN_POINT('',(-0.00292295421659923,-0.0336525370478629,0.));
#2537=CARTESIAN_POINT('',(-0.0324229542165992,-0.0336525370478629,0.));
#2538=CARTESIAN_POINT('',(-0.0324229542165992,-0.0336525370478629,0.009));
#2539=CARTESIAN_POINT('',(-0.0324229542165992,-0.0336525370478629,0.009));
#2540=CARTESIAN_POINT('',(-0.00292295421659923,-0.0336525370478629,0.009));
#2541=CARTESIAN_POINT('',(-0.0324229542165992,-0.0521525370478629,0.009));
#2542=CARTESIAN_POINT('',(-0.0324229542165992,-0.0521525370478629,0.));
#2543=CARTESIAN_POINT('',(-0.0324229542165992,-0.0521525370478629,0.009));
#2544=CARTESIAN_POINT('',(-0.00292295421659922,-0.0521525370478629,0.009));
#2545=CARTESIAN_POINT('',(-0.00292295421659922,-0.0521525370478629,0.));
#2546=MECHANICAL_DESIGN_GEOMETRIC_PRESENTATION_REPRESENTATION('',(#1540),
#2550);
#2547=MECHANICAL_DESIGN_GEOMETRIC_PRESENTATION_REPRESENTATION('',(#1541),
#2551);
#2548=MECHANICAL_DESIGN_GEOMETRIC_PRESENTATION_REPRESENTATION('',(#1542),
#2552);
#2549=MECHANICAL_DESIGN_GEOMETRIC_PRESENTATION_REPRESENTATION('',(#1543),
#2553);
#2550=(
GEOMETRIC_REPRESENTATION_CONTEXT(3)
GLOBAL_UNCERTAINTY_ASSIGNED_CONTEXT((#2554))
GLOBAL_UNIT_ASSIGNED_CONTEXT((#2566,#2562,#2558))
REPRESENTATION_CONTEXT('Part 3','TOP_LEVEL_ASSEMBLY_PART')
);
#2551=(
GEOMETRIC_REPRESENTATION_CONTEXT(3)
GLOBAL_UNCERTAINTY_ASSIGNED_CONTEXT((#2555))
GLOBAL_UNIT_ASSIGNED_CONTEXT((#2567,#2563,#2559))
REPRESENTATION_CONTEXT('Part 1','TOP_LEVEL_ASSEMBLY_PART')
);
#2552=(
GEOMETRIC_REPRESENTATION_CONTEXT(3)
GLOBAL_UNCERTAINTY_ASSIGNED_CONTEXT((#2556))
GLOBAL_UNIT_ASSIGNED_CONTEXT((#2568,#2564,#2560))
REPRESENTATION_CONTEXT('Part 2','TOP_LEVEL_ASSEMBLY_PART')
);
#2553=(
GEOMETRIC_REPRESENTATION_CONTEXT(3)
GLOBAL_UNCERTAINTY_ASSIGNED_CONTEXT((#2557))
GLOBAL_UNIT_ASSIGNED_CONTEXT((#2569,#2565,#2561))
REPRESENTATION_CONTEXT('Part 4','TOP_LEVEL_ASSEMBLY_PART')
);
#2554=UNCERTAINTY_MEASURE_WITH_UNIT(LENGTH_MEASURE(1.E-8),#2566,
'DISTANCE_ACCURACY_VALUE','Maximum Tolerance applied to model');
#2555=UNCERTAINTY_MEASURE_WITH_UNIT(LENGTH_MEASURE(1.E-8),#2567,
'DISTANCE_ACCURACY_VALUE','Maximum Tolerance applied to model');
#2556=UNCERTAINTY_MEASURE_WITH_UNIT(LENGTH_MEASURE(1.E-8),#2568,
'DISTANCE_ACCURACY_VALUE','Maximum Tolerance applied to model');
#2557=UNCERTAINTY_MEASURE_WITH_UNIT(LENGTH_MEASURE(1.E-8),#2569,
'DISTANCE_ACCURACY_VALUE','Maximum Tolerance applied to model');
#2558=(
NAMED_UNIT(*)
SI_UNIT($,.STERADIAN.)
SOLID_ANGLE_UNIT()
);
#2559=(
NAMED_UNIT(*)
SI_UNIT($,.STERADIAN.)
SOLID_ANGLE_UNIT()
);
#2560=(
NAMED_UNIT(*)
SI_UNIT($,.STERADIAN.)
SOLID_ANGLE_UNIT()
);
#2561=(
NAMED_UNIT(*)
SI_UNIT($,.STERADIAN.)
SOLID_ANGLE_UNIT()
);
#2562=(
NAMED_UNIT(*)
PLANE_ANGLE_UNIT()
SI_UNIT($,.RADIAN.)
);
#2563=(
NAMED_UNIT(*)
PLANE_ANGLE_UNIT()
SI_UNIT($,.RADIAN.)
);
#2564=(
NAMED_UNIT(*)
PLANE_ANGLE_UNIT()
SI_UNIT($,.RADIAN.)
);
#2565=(
NAMED_UNIT(*)
PLANE_ANGLE_UNIT()
SI_UNIT($,.RADIAN.)
);
#2566=(
LENGTH_UNIT()
NAMED_UNIT(*)
SI_UNIT($,.METRE.)
);
#2567=(
LENGTH_UNIT()
NAMED_UNIT(*)
SI_UNIT($,.METRE.)
);
#2568=(
LENGTH_UNIT()
NAMED_UNIT(*)
SI_UNIT($,.METRE.)
);
#2569=(
LENGTH_UNIT()
NAMED_UNIT(*)
SI_UNIT($,.METRE.)
);
#2570=PRODUCT_DEFINITION_SHAPE('','',#2574);
#2571=PRODUCT_DEFINITION_SHAPE('','',#2575);
#2572=PRODUCT_DEFINITION_SHAPE('','',#2576);
#2573=PRODUCT_DEFINITION_SHAPE('','',#2577);
#2574=PRODUCT_DEFINITION('','',#2582,#2578);
#2575=PRODUCT_DEFINITION('','',#2583,#2579);
#2576=PRODUCT_DEFINITION('','',#2584,#2580);
#2577=PRODUCT_DEFINITION('','',#2585,#2581);
#2578=PRODUCT_DEFINITION_CONTEXT('',#2606,'design');
#2579=PRODUCT_DEFINITION_CONTEXT('',#2607,'design');
#2580=PRODUCT_DEFINITION_CONTEXT('',#2608,'design');
#2581=PRODUCT_DEFINITION_CONTEXT('',#2609,'design');
#2582=PRODUCT_DEFINITION_FORMATION_WITH_SPECIFIED_SOURCE('','',#2590,
 .NOT_KNOWN.);
#2583=PRODUCT_DEFINITION_FORMATION_WITH_SPECIFIED_SOURCE('','',#2591,
 .NOT_KNOWN.);
#2584=PRODUCT_DEFINITION_FORMATION_WITH_SPECIFIED_SOURCE('','',#2592,
 .NOT_KNOWN.);
#2585=PRODUCT_DEFINITION_FORMATION_WITH_SPECIFIED_SOURCE('','',#2593,
 .NOT_KNOWN.);
#2586=PRODUCT_RELATED_PRODUCT_CATEGORY('','',(#2590));
#2587=PRODUCT_RELATED_PRODUCT_CATEGORY('','',(#2591));
#2588=PRODUCT_RELATED_PRODUCT_CATEGORY('','',(#2592));
#2589=PRODUCT_RELATED_PRODUCT_CATEGORY('','',(#2593));
#2590=PRODUCT('Part 3','Part 3','Part 3',(#2598));
#2591=PRODUCT('Part 1','Part 1','Part 1',(#2599));
#2592=PRODUCT('Part 2','Part 2','Part 2',(#2600));
#2593=PRODUCT('Part 4','Part 4','Part 4',(#2601));
#2594=PRODUCT_CATEGORY('','');
#2595=PRODUCT_CATEGORY('','');
#2596=PRODUCT_CATEGORY('','');
#2597=PRODUCT_CATEGORY('','');
#2598=PRODUCT_CONTEXT('',#2606,'mechanical');
#2599=PRODUCT_CONTEXT('',#2607,'mechanical');
#2600=PRODUCT_CONTEXT('',#2608,'mechanical');
#2601=PRODUCT_CONTEXT('',#2609,'mechanical');
#2602=APPLICATION_PROTOCOL_DEFINITION('international standard',
'ap242_managed_model_based_3d_engineering',2020,#2606);
#2603=APPLICATION_PROTOCOL_DEFINITION('international standard',
'ap242_managed_model_based_3d_engineering',2020,#2607);
#2604=APPLICATION_PROTOCOL_DEFINITION('international standard',
'ap242_managed_model_based_3d_engineering',2020,#2608);
#2605=APPLICATION_PROTOCOL_DEFINITION('international standard',
'ap242_managed_model_based_3d_engineering',2020,#2609);
#2606=APPLICATION_CONTEXT('managed model based 3d engineering');
#2607=APPLICATION_CONTEXT('managed model based 3d engineering');
#2608=APPLICATION_CONTEXT('managed model based 3d engineering');
#2609=APPLICATION_CONTEXT('managed model based 3d engineering');
ENDSEC;
END-ISO-10303-21;
